id,name,color,rarity,type,target,cost,overall_coverage_status,mechanism_categories,covered_categories,partial_categories,gap_categories,keywords,semanticTags,semanticSignals,internal_source_profile,description,upgrade_descriptions,coverage_notes
CARD.MAUL,撕咬,colorless,Ancient,Attack,AnyEnemy,1,covered,damage|multi_hit_or_aoe,damage|multi_hit_or_aoe,,,,damage|multi_hit,"{""damage"": 5, ""hits"": 2}","{""adds_keyword_or_modifier"": false, ""catalog_id"": ""maul"", ""class_name"": ""Maul"", ""commands"": [""Attack""], ""creates_clone"": false, ""creates_specific_card"": false, ""dynamic_vars"": [""DamageVar"", ""DynamicVar""], ""powers"": [], ""sets_energy_cost"": false, ""sets_replay"": false, ""source_available"": true, ""source_path"": ""src/Core/Models/Cards/Maul.cs"", ""tags"": [""attack"", ""damage"", ""multi_hit"", ""single_target""], ""uses_card_select_from_hand"": false, ""uses_discard_pile"": false, ""uses_draw_pile"": false, ""uses_exhaust_pile"": false, ""uses_hand_pile"": false, ""uses_top_of_pile"": false, ""uses_upgrade_select_from_hand"": false}","造成5点伤害两次。
在这场战斗中，将所有“撕咬”牌的伤害增加1。","[{""upgrade"": 1, ""description"": ""造成6点伤害两次。\n在这场战斗中，将所有“撕咬”牌的伤害增加2。"", ""semanticTags"": [""damage"", ""multi_hit""], ""semanticSignals"": {""damage"": 6, ""hits"": 2}}]",
CARD.NEOWS_FURY,涅奥之怒,colorless,Ancient,Attack,AnyEnemy,1,gap,add_or_generate_card|damage|discard_pile_dependency|draw|effect_profile_granularity_gap|exhaust_self|pile_fetch_reorder|random_or_choose|whole_hand_state,damage|draw|exhaust_self,add_or_generate_card|discard_pile_dependency|pile_fetch_reorder|random_or_choose|whole_hand_state,effect_profile_granularity_gap,Exhaust,add_to_hand|damage|exhaust_self|random,"{""damage"": 10}","{""adds_keyword_or_modifier"": false, ""catalog_id"": ""neows_fury"", ""class_name"": ""NeowsFury"", ""commands"": [""Add"", ""Attack""], ""creates_clone"": false, ""creates_specific_card"": false, ""dynamic_vars"": [""CardsVar"", ""DamageVar"", ""DynamicVar""], ""powers"": [], ""sets_energy_cost"": false, ""sets_replay"": false, ""source_available"": true, ""source_path"": ""src/Core/Models/Cards/NeowsFury.cs"", ""tags"": [""attack"", ""damage"", ""draw"", ""exhaust"", ""single_target""], ""uses_card_select_from_hand"": false, ""uses_discard_pile"": true, ""uses_draw_pile"": false, ""uses_exhaust_pile"": false, ""uses_hand_pile"": true, ""uses_top_of_pile"": false, ""uses_upgrade_select_from_hand"": false}","造成10点伤害。
将你弃牌堆中的2张随机牌放入你的手牌。
消耗。","[{""upgrade"": 1, ""description"": ""造成14点伤害。\n将你弃牌堆中的3张随机牌放入你的手牌。\n消耗。"", ""semanticTags"": [""add_to_hand"", ""damage"", ""exhaust_self"", ""random""], ""semanticSignals"": {""damage"": 14}}]",add_or_generate_card: 生成牌/加手牌可由 AddGeneratedCardToCombat 等内部命令定位，但生成池、费用和本回合免费等还需要更强 typed profile。 || discard_pile_dependency: 弃牌堆取回/置顶可由注意力学，但缺显式 action->pile delta。 || effect_profile_granularity_gap: 已有 upgrade_card/exhaust_other/transform_card/AddGeneratedCardToCombat 等粗粒度内部 ID，但缺 zone/scope/filter/duration/destination/modifier/count 参数；不能靠描述文本正则补主路径。 || pile_fetch_reorder: 抽牌堆/弃牌堆/牌堆顶部信息可被注意力看到，也能从 PileType/CardPileCmd 内部调用定位；动作的 pile transition 仍不够结构化。 || random_or_choose: 随机/三选一结果不是确定 transition；模型能看到但缺分布式结果 profile。 || whole_hand_state: 可从 PileType.Hand + Upgrade/Transform/Exhaust/EnergyCost 等内部访问定位；仍需显式 hand-state transition。
CARD.WHISTLE,吹哨,colorless,Ancient,Attack,AnyEnemy,3,covered,damage|exhaust_self,damage|exhaust_self,,,Exhaust,damage|exhaust_self,"{""damage"": 33}","{""adds_keyword_or_modifier"": false, ""catalog_id"": ""whistle"", ""class_name"": ""Whistle"", ""commands"": [""Attack""], ""creates_clone"": false, ""creates_specific_card"": false, ""dynamic_vars"": [""DamageVar""], ""powers"": [], ""sets_energy_cost"": false, ""sets_replay"": false, ""source_available"": true, ""source_path"": ""src/Core/Models/Cards/Whistle.cs"", ""tags"": [""attack"", ""damage"", ""exhaust"", ""single_target""], ""uses_card_select_from_hand"": false, ""uses_discard_pile"": false, ""uses_draw_pile"": false, ""uses_exhaust_pile"": false, ""uses_hand_pile"": false, ""uses_top_of_pile"": false, ""uses_upgrade_select_from_hand"": false}","造成33点伤害。
击晕该敌人。
消耗。","[{""upgrade"": 1, ""description"": ""造成44点伤害。\n击晕该敌人。\n消耗。"", ""semanticTags"": [""damage"", ""exhaust_self""], ""semanticSignals"": {""damage"": 44}}]",
CARD.APOTHEOSIS,神化,colorless,Ancient,Skill,Self,2,gap,cost_modify|effect_profile_granularity_gap|exhaust_self|upgrade_card,exhaust_self,cost_modify|upgrade_card,effect_profile_granularity_gap,Exhaust|Innate,exhaust_self|innate|upgrade_all,{},"{""adds_keyword_or_modifier"": false, ""catalog_id"": ""apotheosis"", ""class_name"": ""Apotheosis"", ""commands"": [""Upgrade""], ""creates_clone"": false, ""creates_specific_card"": false, ""dynamic_vars"": [], ""powers"": [], ""sets_energy_cost"": true, ""sets_replay"": false, ""source_available"": true, ""source_path"": ""src/Core/Models/Cards/Apotheosis.cs"", ""tags"": [""exhaust"", ""innate"", ""self_target"", ""skill"", ""upgrade_card""], ""uses_card_select_from_hand"": false, ""uses_discard_pile"": false, ""uses_draw_pile"": false, ""uses_exhaust_pile"": false, ""uses_hand_pile"": false, ""uses_top_of_pile"": false, ""uses_upgrade_select_from_hand"": false}","固有。
升级你的全部卡牌。
消耗。","[{""upgrade"": 1, ""description"": ""固有。\n升级你的全部卡牌。\n消耗。"", ""semanticTags"": [""exhaust_self"", ""innate"", ""upgrade_all""], ""semanticSignals"": {}}]",cost_modify: EnergyCost.Set*/FreeAttackPower/CorruptionPower 等内部 ID 可定位；仍需目标范围、持续时间、后续可打价值 typed 化。 || effect_profile_granularity_gap: 已有 upgrade_card/exhaust_other/transform_card/AddGeneratedCardToCombat 等粗粒度内部 ID，但缺 zone/scope/filter/duration/destination/modifier/count 参数；不能靠描述文本正则补主路径。 || upgrade_card: 已有 upgrade_card tag / CardCmd.Upgrade 内部命令；缺 zone/scope/filter/selection 等结构参数。
CARD.APPARITION,灵体,colorless,Ancient,Skill,Self,1,gap,buff_stats|card_modifier_or_enchantment|effect_profile_granularity_gap|ethereal|exhaust_self|global_rule_power,buff_stats|ethereal|exhaust_self,card_modifier_or_enchantment|global_rule_power,effect_profile_granularity_gap,Ethereal|Exhaust,ethereal|exhaust_self|gain_intangible,"{""intangibleGain"": 1}","{""adds_keyword_or_modifier"": false, ""catalog_id"": ""apparition"", ""class_name"": ""Apparition"", ""commands"": [""Apply""], ""creates_clone"": false, ""creates_specific_card"": false, ""dynamic_vars"": [""PowerVar""], ""powers"": [""IntangiblePower""], ""sets_energy_cost"": false, ""sets_replay"": false, ""source_available"": true, ""source_path"": ""src/Core/Models/Cards/Apparition.cs"", ""tags"": [""ethereal"", ""exhaust"", ""self_target"", ""skill""], ""uses_card_select_from_hand"": false, ""uses_discard_pile"": false, ""uses_draw_pile"": false, ""uses_exhaust_pile"": false, ""uses_hand_pile"": false, ""uses_top_of_pile"": false, ""uses_upgrade_select_from_hand"": false}","虚无。
获得1层无实体。
消耗。","[{""upgrade"": 1, ""description"": ""获得1层无实体。\n消耗。"", ""semanticTags"": [""exhaust_self"", ""gain_intangible""], ""semanticSignals"": {""intangibleGain"": 1}}]",card_modifier_or_enchantment: 已有 runtime 附魔/腐化/重放解析；但“给另一张牌添加附魔”的预效果仍需 typed 化。 || effect_profile_granularity_gap: 已有 upgrade_card/exhaust_other/transform_card/AddGeneratedCardToCombat 等粗粒度内部 ID，但缺 zone/scope/filter/duration/destination/modifier/count 参数；不能靠描述文本正则补主路径。 || global_rule_power: 腐化/黑暗之拥/怀旧等会改写未来规则；可见但最好变成 rule-transition token。
CARD.BRIGHTEST_FLAME,至亮之焰,colorless,Ancient,Skill,Self,0,covered,draw|energy_gain|heal_or_max_hp|hp_or_self_cost,draw|energy_gain|heal_or_max_hp|hp_or_self_cost,,,,draw|gain_energy|hp_loss,"{""draw"": 2, ""energyGain"": 2, ""hpLoss"": 1}","{""adds_keyword_or_modifier"": false, ""catalog_id"": ""brightest_flame"", ""class_name"": ""BrightestFlame"", ""commands"": [""Draw"", ""GainEnergy""], ""creates_clone"": false, ""creates_specific_card"": false, ""dynamic_vars"": [""CardsVar"", ""DynamicVar"", ""EnergyVar"", ""MaxHpVar""], ""powers"": [], ""sets_energy_cost"": false, ""sets_replay"": false, ""source_available"": true, ""source_path"": ""src/Core/Models/Cards/BrightestFlame.cs"", ""tags"": [""draw"", ""energy_gen"", ""max_hp_change"", ""self_target"", ""skill""], ""uses_card_select_from_hand"": false, ""uses_discard_pile"": false, ""uses_draw_pile"": false, ""uses_exhaust_pile"": false, ""uses_hand_pile"": false, ""uses_top_of_pile"": false, ""uses_upgrade_select_from_hand"": false}","获得2点能量。
抽2张牌。
失去1点最大生命。","[{""upgrade"": 1, ""description"": ""获得3点能量。\n抽3张牌。\n失去1点最大生命。"", ""semanticTags"": [""draw"", ""gain_energy"", ""hp_loss""], ""semanticSignals"": {""draw"": 3, ""energyGain"": 3, ""hpLoss"": 1}}]",
CARD.RELAX,放松,colorless,Ancient,Skill,Self,3,partial,block|draw|energy_gain|exhaust_self|global_rule_power|turn_or_delayed_rule,block|draw|energy_gain|exhaust_self,global_rule_power|turn_or_delayed_rule,,Exhaust,block|draw|exhaust_self|gain_energy,"{""block"": 15, ""draw"": 2, ""energyGain"": 2}","{""adds_keyword_or_modifier"": false, ""catalog_id"": ""relax"", ""class_name"": ""Relax"", ""commands"": [""Apply""], ""creates_clone"": false, ""creates_specific_card"": false, ""dynamic_vars"": [""BlockVar"", ""CardsVar"", ""DynamicVar"", ""EnergyVar""], ""powers"": [""DrawCardsNextTurnPower"", ""EnergyNextTurnPower""], ""sets_energy_cost"": false, ""sets_replay"": false, ""source_available"": true, ""source_path"": ""src/Core/Models/Cards/Relax.cs"", ""tags"": [""block"", ""draw"", ""energy_gen"", ""exhaust"", ""self_target"", ""skill""], ""uses_card_select_from_hand"": false, ""uses_discard_pile"": false, ""uses_draw_pile"": false, ""uses_exhaust_pile"": false, ""uses_hand_pile"": false, ""uses_top_of_pile"": false, ""uses_upgrade_select_from_hand"": false}","获得15点格挡。
下个回合，抽2张牌并获得2点能量。
消耗。","[{""upgrade"": 1, ""description"": ""获得17点格挡。\n下个回合，抽3张牌并获得3点能量。\n消耗。"", ""semanticTags"": [""block"", ""draw"", ""exhaust_self"", ""gain_energy""], ""semanticSignals"": {""block"": 17, ""draw"": 3, ""energyGain"": 3}}]",global_rule_power: 腐化/黑暗之拥/怀旧等会改写未来规则；可见但最好变成 rule-transition token。 || turn_or_delayed_rule: 本回合/下回合/每当/回合开始类规则可见但还不是统一 temporal rule token。
CARD.WISH,许愿,colorless,Ancient,Skill,Self,0,gap,add_or_generate_card|card_modifier_or_enchantment|draw|effect_profile_granularity_gap|exhaust_other_or_hand|exhaust_self|pile_fetch_reorder|retain|whole_hand_state,draw|exhaust_self|retain,add_or_generate_card|card_modifier_or_enchantment|exhaust_other_or_hand|pile_fetch_reorder|whole_hand_state,effect_profile_granularity_gap,Exhaust,add_to_hand|exhaust_self,{},"{""adds_keyword_or_modifier"": true, ""catalog_id"": ""wish"", ""class_name"": ""Wish"", ""commands"": [""Add""], ""creates_clone"": false, ""creates_specific_card"": false, ""dynamic_vars"": [], ""powers"": [], ""sets_energy_cost"": false, ""sets_replay"": false, ""source_available"": true, ""source_path"": ""src/Core/Models/Cards/Wish.cs"", ""tags"": [""exhaust"", ""retain"", ""self_target"", ""skill""], ""uses_card_select_from_hand"": false, ""uses_discard_pile"": false, ""uses_draw_pile"": true, ""uses_exhaust_pile"": false, ""uses_hand_pile"": true, ""uses_top_of_pile"": false, ""uses_upgrade_select_from_hand"": false}","将你抽牌堆中的一张牌放入你的手牌。
消耗。","[{""upgrade"": 1, ""description"": ""保留。\n将你抽牌堆中的一张牌放入你的手牌。\n消耗。"", ""semanticTags"": [""add_to_hand"", ""exhaust_self"", ""retain""], ""semanticSignals"": {}}]",add_or_generate_card: 生成牌/加手牌可由 AddGeneratedCardToCombat 等内部命令定位，但生成池、费用和本回合免费等还需要更强 typed profile。 || card_modifier_or_enchantment: 已有 runtime 附魔/腐化/重放解析；但“给另一张牌添加附魔”的预效果仍需 typed 化。 || effect_profile_granularity_gap: 已有 upgrade_card/exhaust_other/transform_card/AddGeneratedCardToCombat 等粗粒度内部 ID，但缺 zone/scope/filter/duration/destination/modifier/count 参数；不能靠描述文本正则补主路径。 || exhaust_other_or_hand: CardCmd.Exhaust 内部命令可定位；但选择目标/全手牌/随机目标需要 typed hand transition。 || pile_fetch_reorder: 抽牌堆/弃牌堆/牌堆顶部信息可被注意力看到，也能从 PileType/CardPileCmd 内部调用定位；动作的 pile transition 仍不够结构化。 || whole_hand_state: 可从 PileType.Hand + Upgrade/Transform/Exhaust/EnergyCost 等内部访问定位；仍需显式 hand-state transition。
CARD.ASCENDERS_BANE,进阶之灾,colorless,Curse,Curse,None,,gap,card_modifier_or_enchantment|effect_profile_granularity_gap|ethereal|hard_rule_constraint_gap|status_or_curse_penalty_gap,ethereal,card_modifier_or_enchantment,effect_profile_granularity_gap|hard_rule_constraint_gap|status_or_curse_penalty_gap,Eternal|Ethereal|Unplayable,eternal|ethereal|unplayable,{},"{""adds_keyword_or_modifier"": false, ""catalog_id"": ""ascenders_bane"", ""class_name"": ""AscendersBane"", ""commands"": [], ""creates_clone"": false, ""creates_specific_card"": false, ""dynamic_vars"": [], ""powers"": [], ""sets_energy_cost"": false, ""sets_replay"": false, ""source_available"": true, ""source_path"": ""src/Core/Models/Cards/AscendersBane.cs"", ""tags"": [""curse"", ""ethereal"", ""unplayable""], ""uses_card_select_from_hand"": false, ""uses_discard_pile"": false, ""uses_draw_pile"": false, ""uses_exhaust_pile"": false, ""uses_hand_pile"": false, ""uses_top_of_pile"": false, ""uses_upgrade_select_from_hand"": false}","不能被打出。
虚无。
永恒。",[],card_modifier_or_enchantment: 已有 runtime 附魔/腐化/重放解析；但“给另一张牌添加附魔”的预效果仍需 typed 化。 || effect_profile_granularity_gap: 已有 upgrade_card/exhaust_other/transform_card/AddGeneratedCardToCombat 等粗粒度内部 ID，但缺 zone/scope/filter/duration/destination/modifier/count 参数；不能靠描述文本正则补主路径。 || hard_rule_constraint_gap: 不能打出、必须优先、出牌数限制等硬规则缺 typed constraint token/metric。 || status_or_curse_penalty_gap: 灼伤/遗憾/虚空/普通/懒惰等抽到/回合末/出牌限制惩罚缺统一触发器 profile。
CARD.BAD_LUCK,霉运,colorless,Curse,Curse,None,,gap,card_modifier_or_enchantment|effect_profile_granularity_gap|hard_rule_constraint_gap|hp_or_self_cost|status_or_curse_penalty_gap|turn_or_delayed_rule,hp_or_self_cost,card_modifier_or_enchantment|turn_or_delayed_rule,effect_profile_granularity_gap|hard_rule_constraint_gap|status_or_curse_penalty_gap,Eternal|Unplayable,eternal|hp_loss|unplayable,"{""hpLoss"": 13}","{""adds_keyword_or_modifier"": false, ""catalog_id"": ""bad_luck"", ""class_name"": ""BadLuck"", ""commands"": [], ""creates_clone"": false, ""creates_specific_card"": false, ""dynamic_vars"": [""HpLossVar""], ""powers"": [], ""sets_energy_cost"": false, ""sets_replay"": false, ""source_available"": true, ""source_path"": ""src/Core/Models/Cards/BadLuck.cs"", ""tags"": [""curse"", ""hp_loss"", ""unplayable""], ""uses_card_select_from_hand"": false, ""uses_discard_pile"": false, ""uses_draw_pile"": false, ""uses_exhaust_pile"": false, ""uses_hand_pile"": false, ""uses_top_of_pile"": false, ""uses_upgrade_select_from_hand"": false}","不能被打出。
在你的回合结束时，如果这张牌在你的手牌中，则失去13点生命。
永恒。",[],card_modifier_or_enchantment: 已有 runtime 附魔/腐化/重放解析；但“给另一张牌添加附魔”的预效果仍需 typed 化。 || effect_profile_granularity_gap: 已有 upgrade_card/exhaust_other/transform_card/AddGeneratedCardToCombat 等粗粒度内部 ID，但缺 zone/scope/filter/duration/destination/modifier/count 参数；不能靠描述文本正则补主路径。 || hard_rule_constraint_gap: 不能打出、必须优先、出牌数限制等硬规则缺 typed constraint token/metric。 || status_or_curse_penalty_gap: 灼伤/遗憾/虚空/普通/懒惰等抽到/回合末/出牌限制惩罚缺统一触发器 profile。 || turn_or_delayed_rule: 本回合/下回合/每当/回合开始类规则可见但还不是统一 temporal rule token。
CARD.CLUMSY,笨拙,colorless,Curse,Curse,None,,gap,card_modifier_or_enchantment|effect_profile_granularity_gap|ethereal|hard_rule_constraint_gap|status_or_curse_penalty_gap,ethereal,card_modifier_or_enchantment,effect_profile_granularity_gap|hard_rule_constraint_gap|status_or_curse_penalty_gap,Ethereal|Unplayable,ethereal|unplayable,{},"{""adds_keyword_or_modifier"": false, ""catalog_id"": ""clumsy"", ""class_name"": ""Clumsy"", ""commands"": [], ""creates_clone"": false, ""creates_specific_card"": false, ""dynamic_vars"": [], ""powers"": [], ""sets_energy_cost"": false, ""sets_replay"": false, ""source_available"": true, ""source_path"": ""src/Core/Models/Cards/Clumsy.cs"", ""tags"": [""curse"", ""ethereal"", ""unplayable""], ""uses_card_select_from_hand"": false, ""uses_discard_pile"": false, ""uses_draw_pile"": false, ""uses_exhaust_pile"": false, ""uses_hand_pile"": false, ""uses_top_of_pile"": false, ""uses_upgrade_select_from_hand"": false}","不能被打出。
虚无。",[],card_modifier_or_enchantment: 已有 runtime 附魔/腐化/重放解析；但“给另一张牌添加附魔”的预效果仍需 typed 化。 || effect_profile_granularity_gap: 已有 upgrade_card/exhaust_other/transform_card/AddGeneratedCardToCombat 等粗粒度内部 ID，但缺 zone/scope/filter/duration/destination/modifier/count 参数；不能靠描述文本正则补主路径。 || hard_rule_constraint_gap: 不能打出、必须优先、出牌数限制等硬规则缺 typed constraint token/metric。 || status_or_curse_penalty_gap: 灼伤/遗憾/虚空/普通/懒惰等抽到/回合末/出牌限制惩罚缺统一触发器 profile。
CARD.CURSE_OF_THE_BELL,铃铛的诅咒,colorless,Curse,Curse,None,,gap,card_modifier_or_enchantment|effect_profile_granularity_gap|hard_rule_constraint_gap|status_or_curse_penalty_gap,,card_modifier_or_enchantment,effect_profile_granularity_gap|hard_rule_constraint_gap|status_or_curse_penalty_gap,Eternal|Unplayable,eternal|unplayable,{},"{""adds_keyword_or_modifier"": false, ""catalog_id"": ""curse_of_the_bell"", ""class_name"": ""CurseOfTheBell"", ""commands"": [], ""creates_clone"": false, ""creates_specific_card"": false, ""dynamic_vars"": [], ""powers"": [], ""sets_energy_cost"": false, ""sets_replay"": false, ""source_available"": true, ""source_path"": ""src/Core/Models/Cards/CurseOfTheBell.cs"", ""tags"": [""curse"", ""unplayable""], ""uses_card_select_from_hand"": false, ""uses_discard_pile"": false, ""uses_draw_pile"": false, ""uses_exhaust_pile"": false, ""uses_hand_pile"": false, ""uses_top_of_pile"": false, ""uses_upgrade_select_from_hand"": false}","不能被打出。
永恒。",[],card_modifier_or_enchantment: 已有 runtime 附魔/腐化/重放解析；但“给另一张牌添加附魔”的预效果仍需 typed 化。 || effect_profile_granularity_gap: 已有 upgrade_card/exhaust_other/transform_card/AddGeneratedCardToCombat 等粗粒度内部 ID，但缺 zone/scope/filter/duration/destination/modifier/count 参数；不能靠描述文本正则补主路径。 || hard_rule_constraint_gap: 不能打出、必须优先、出牌数限制等硬规则缺 typed constraint token/metric。 || status_or_curse_penalty_gap: 灼伤/遗憾/虚空/普通/懒惰等抽到/回合末/出牌限制惩罚缺统一触发器 profile。
CARD.DEBT,债务,colorless,Curse,Curse,None,,gap,hard_rule_constraint_gap|hp_or_self_cost|potion_or_gold_gain|status_or_curse_penalty_gap|turn_or_delayed_rule,hp_or_self_cost|potion_or_gold_gain,turn_or_delayed_rule,hard_rule_constraint_gap|status_or_curse_penalty_gap,Unplayable,unplayable,{},"{""adds_keyword_or_modifier"": false, ""catalog_id"": ""debt"", ""class_name"": ""Debt"", ""commands"": [""LoseGold""], ""creates_clone"": false, ""creates_specific_card"": false, ""dynamic_vars"": [""GoldVar""], ""powers"": [], ""sets_energy_cost"": false, ""sets_replay"": false, ""source_available"": true, ""source_path"": ""src/Core/Models/Cards/Debt.cs"", ""tags"": [""curse"", ""gold_gen"", ""unplayable""], ""uses_card_select_from_hand"": false, ""uses_discard_pile"": false, ""uses_draw_pile"": false, ""uses_exhaust_pile"": false, ""uses_hand_pile"": false, ""uses_top_of_pile"": false, ""uses_upgrade_select_from_hand"": false}","不能被打出。
在你的回合结束时，如果这张牌在你的手牌中，则失去10金币。",[],hard_rule_constraint_gap: 不能打出、必须优先、出牌数限制等硬规则缺 typed constraint token/metric。 || status_or_curse_penalty_gap: 灼伤/遗憾/虚空/普通/懒惰等抽到/回合末/出牌限制惩罚缺统一触发器 profile。 || turn_or_delayed_rule: 本回合/下回合/每当/回合开始类规则可见但还不是统一 temporal rule token。
CARD.DECAY,腐朽,colorless,Curse,Curse,None,,gap,damage|hard_rule_constraint_gap|hp_or_self_cost|status_or_curse_penalty_gap|turn_or_delayed_rule,damage|hp_or_self_cost,turn_or_delayed_rule,hard_rule_constraint_gap|status_or_curse_penalty_gap,Unplayable,hp_loss|unplayable,"{""hpLoss"": 2}","{""adds_keyword_or_modifier"": false, ""catalog_id"": ""decay"", ""class_name"": ""Decay"", ""commands"": [], ""creates_clone"": false, ""creates_specific_card"": false, ""dynamic_vars"": [""DamageVar""], ""powers"": [], ""sets_energy_cost"": false, ""sets_replay"": false, ""source_available"": true, ""source_path"": ""src/Core/Models/Cards/Decay.cs"", ""tags"": [""curse"", ""damage"", ""unplayable""], ""uses_card_select_from_hand"": false, ""uses_discard_pile"": false, ""uses_draw_pile"": false, ""uses_exhaust_pile"": false, ""uses_hand_pile"": false, ""uses_top_of_pile"": false, ""uses_upgrade_select_from_hand"": false}","不能被打出。
在你的回合结束时，如果这张牌在你的手牌中, 你受到2点伤害。",[],hard_rule_constraint_gap: 不能打出、必须优先、出牌数限制等硬规则缺 typed constraint token/metric。 || status_or_curse_penalty_gap: 灼伤/遗憾/虚空/普通/懒惰等抽到/回合末/出牌限制惩罚缺统一触发器 profile。 || turn_or_delayed_rule: 本回合/下回合/每当/回合开始类规则可见但还不是统一 temporal rule token。
CARD.DOUBT,疑虑,colorless,Curse,Curse,None,,gap,debuff|global_rule_power|hard_rule_constraint_gap|status_or_curse_penalty_gap|turn_or_delayed_rule,debuff,global_rule_power|turn_or_delayed_rule,hard_rule_constraint_gap|status_or_curse_penalty_gap,Unplayable,apply_weak|unplayable,{},"{""adds_keyword_or_modifier"": false, ""catalog_id"": ""doubt"", ""class_name"": ""Doubt"", ""commands"": [""Apply""], ""creates_clone"": false, ""creates_specific_card"": false, ""dynamic_vars"": [""PowerVar""], ""powers"": [""WeakPower""], ""sets_energy_cost"": false, ""sets_replay"": false, ""source_available"": true, ""source_path"": ""src/Core/Models/Cards/Doubt.cs"", ""tags"": [""curse"", ""unplayable"", ""weak""], ""uses_card_select_from_hand"": false, ""uses_discard_pile"": false, ""uses_draw_pile"": false, ""uses_exhaust_pile"": false, ""uses_hand_pile"": false, ""uses_top_of_pile"": false, ""uses_upgrade_select_from_hand"": false}","不能被打出。
在你的回合结束时，如果这张牌在你的手牌中，获得1层虚弱。",[],global_rule_power: 腐化/黑暗之拥/怀旧等会改写未来规则；可见但最好变成 rule-transition token。 || hard_rule_constraint_gap: 不能打出、必须优先、出牌数限制等硬规则缺 typed constraint token/metric。 || status_or_curse_penalty_gap: 灼伤/遗憾/虚空/普通/懒惰等抽到/回合末/出牌限制惩罚缺统一触发器 profile。 || turn_or_delayed_rule: 本回合/下回合/每当/回合开始类规则可见但还不是统一 temporal rule token。
CARD.ENTHRALLED,执迷,colorless,Curse,Curse,None,2,gap,card_modifier_or_enchantment|effect_profile_granularity_gap|hard_rule_constraint_gap|status_or_curse_penalty_gap,,card_modifier_or_enchantment,effect_profile_granularity_gap|hard_rule_constraint_gap|status_or_curse_penalty_gap,Eternal,eternal,{},"{""adds_keyword_or_modifier"": false, ""catalog_id"": ""enthralled"", ""class_name"": ""Enthralled"", ""commands"": [], ""creates_clone"": false, ""creates_specific_card"": false, ""dynamic_vars"": [], ""powers"": [], ""sets_energy_cost"": false, ""sets_replay"": false, ""source_available"": true, ""source_path"": ""src/Core/Models/Cards/Enthralled.cs"", ""tags"": [""curse""], ""uses_card_select_from_hand"": false, ""uses_discard_pile"": false, ""uses_draw_pile"": false, ""uses_exhaust_pile"": false, ""uses_hand_pile"": true, ""uses_top_of_pile"": false, ""uses_upgrade_select_from_hand"": false}","如果这张牌在你的手牌中，你必须优先打出这张牌。
永恒。",[],card_modifier_or_enchantment: 已有 runtime 附魔/腐化/重放解析；但“给另一张牌添加附魔”的预效果仍需 typed 化。 || effect_profile_granularity_gap: 已有 upgrade_card/exhaust_other/transform_card/AddGeneratedCardToCombat 等粗粒度内部 ID，但缺 zone/scope/filter/duration/destination/modifier/count 参数；不能靠描述文本正则补主路径。 || hard_rule_constraint_gap: 不能打出、必须优先、出牌数限制等硬规则缺 typed constraint token/metric。 || status_or_curse_penalty_gap: 灼伤/遗憾/虚空/普通/懒惰等抽到/回合末/出牌限制惩罚缺统一触发器 profile。
CARD.FOLLY,愚行,colorless,Curse,Curse,None,,gap,card_modifier_or_enchantment|effect_profile_granularity_gap|ethereal|hard_rule_constraint_gap|status_or_curse_penalty_gap,ethereal,card_modifier_or_enchantment,effect_profile_granularity_gap|hard_rule_constraint_gap|status_or_curse_penalty_gap,Eternal|Ethereal|Innate|Unplayable,eternal|ethereal|innate|unplayable,{},"{""adds_keyword_or_modifier"": false, ""catalog_id"": ""folly"", ""class_name"": ""Folly"", ""commands"": [], ""creates_clone"": false, ""creates_specific_card"": false, ""dynamic_vars"": [], ""powers"": [], ""sets_energy_cost"": false, ""sets_replay"": false, ""source_available"": true, ""source_path"": ""src/Core/Models/Cards/Folly.cs"", ""tags"": [""curse"", ""innate"", ""unplayable""], ""uses_card_select_from_hand"": false, ""uses_discard_pile"": false, ""uses_draw_pile"": false, ""uses_exhaust_pile"": false, ""uses_hand_pile"": false, ""uses_top_of_pile"": false, ""uses_upgrade_select_from_hand"": false}","不能被打出。
固有。
虚无。
永恒。",[],card_modifier_or_enchantment: 已有 runtime 附魔/腐化/重放解析；但“给另一张牌添加附魔”的预效果仍需 typed 化。 || effect_profile_granularity_gap: 已有 upgrade_card/exhaust_other/transform_card/AddGeneratedCardToCombat 等粗粒度内部 ID，但缺 zone/scope/filter/duration/destination/modifier/count 参数；不能靠描述文本正则补主路径。 || hard_rule_constraint_gap: 不能打出、必须优先、出牌数限制等硬规则缺 typed constraint token/metric。 || status_or_curse_penalty_gap: 灼伤/遗憾/虚空/普通/懒惰等抽到/回合末/出牌限制惩罚缺统一触发器 profile。
CARD.GREED,贪婪,colorless,Curse,Curse,None,,gap,card_modifier_or_enchantment|effect_profile_granularity_gap|hard_rule_constraint_gap|status_or_curse_penalty_gap,,card_modifier_or_enchantment,effect_profile_granularity_gap|hard_rule_constraint_gap|status_or_curse_penalty_gap,Eternal|Unplayable,eternal|unplayable,{},"{""adds_keyword_or_modifier"": false, ""catalog_id"": ""greed"", ""class_name"": ""Greed"", ""commands"": [], ""creates_clone"": false, ""creates_specific_card"": false, ""dynamic_vars"": [], ""powers"": [], ""sets_energy_cost"": false, ""sets_replay"": false, ""source_available"": true, ""source_path"": ""src/Core/Models/Cards/Greed.cs"", ""tags"": [""curse"", ""unplayable""], ""uses_card_select_from_hand"": false, ""uses_discard_pile"": false, ""uses_draw_pile"": false, ""uses_exhaust_pile"": false, ""uses_hand_pile"": false, ""uses_top_of_pile"": false, ""uses_upgrade_select_from_hand"": false}","不能被打出。
永恒。",[],card_modifier_or_enchantment: 已有 runtime 附魔/腐化/重放解析；但“给另一张牌添加附魔”的预效果仍需 typed 化。 || effect_profile_granularity_gap: 已有 upgrade_card/exhaust_other/transform_card/AddGeneratedCardToCombat 等粗粒度内部 ID，但缺 zone/scope/filter/duration/destination/modifier/count 参数；不能靠描述文本正则补主路径。 || hard_rule_constraint_gap: 不能打出、必须优先、出牌数限制等硬规则缺 typed constraint token/metric。 || status_or_curse_penalty_gap: 灼伤/遗憾/虚空/普通/懒惰等抽到/回合末/出牌限制惩罚缺统一触发器 profile。
CARD.GUILTY,愧疚,colorless,Curse,Curse,None,,gap,hard_rule_constraint_gap|remove_card|status_or_curse_penalty_gap,,remove_card,hard_rule_constraint_gap|status_or_curse_penalty_gap,Unplayable,remove_card|unplayable,{},"{""adds_keyword_or_modifier"": false, ""catalog_id"": ""guilty"", ""class_name"": ""Guilty"", ""commands"": [""RemoveFromDeck""], ""creates_clone"": false, ""creates_specific_card"": false, ""dynamic_vars"": [""DynamicVar""], ""powers"": [], ""sets_energy_cost"": false, ""sets_replay"": false, ""source_available"": true, ""source_path"": ""src/Core/Models/Cards/Guilty.cs"", ""tags"": [""curse"", ""unplayable""], ""uses_card_select_from_hand"": false, ""uses_discard_pile"": false, ""uses_draw_pile"": false, ""uses_exhaust_pile"": false, ""uses_hand_pile"": false, ""uses_top_of_pile"": false, ""uses_upgrade_select_from_hand"": false}","不能被打出。
在5场战斗后从你的牌组中移除。",[],hard_rule_constraint_gap: 不能打出、必须优先、出牌数限制等硬规则缺 typed constraint token/metric。 || remove_card: 删除/移除类对长期 deck 影响可见但缺统一 deck delta profile。 || status_or_curse_penalty_gap: 灼伤/遗憾/虚空/普通/懒惰等抽到/回合末/出牌限制惩罚缺统一触发器 profile。
CARD.INJURY,受伤,colorless,Curse,Curse,None,,gap,hard_rule_constraint_gap|status_or_curse_penalty_gap,,,hard_rule_constraint_gap|status_or_curse_penalty_gap,Unplayable,unplayable,{},"{""adds_keyword_or_modifier"": false, ""catalog_id"": ""injury"", ""class_name"": ""Injury"", ""commands"": [], ""creates_clone"": false, ""creates_specific_card"": false, ""dynamic_vars"": [], ""powers"": [], ""sets_energy_cost"": false, ""sets_replay"": false, ""source_available"": true, ""source_path"": ""src/Core/Models/Cards/Injury.cs"", ""tags"": [""curse"", ""unplayable""], ""uses_card_select_from_hand"": false, ""uses_discard_pile"": false, ""uses_draw_pile"": false, ""uses_exhaust_pile"": false, ""uses_hand_pile"": false, ""uses_top_of_pile"": false, ""uses_upgrade_select_from_hand"": false}",不能被打出。,[],hard_rule_constraint_gap: 不能打出、必须优先、出牌数限制等硬规则缺 typed constraint token/metric。 || status_or_curse_penalty_gap: 灼伤/遗憾/虚空/普通/懒惰等抽到/回合末/出牌限制惩罚缺统一触发器 profile。
CARD.NORMALITY,凡庸,colorless,Curse,Curse,None,,gap,hard_rule_constraint_gap|status_or_curse_penalty_gap|turn_or_delayed_rule,,turn_or_delayed_rule,hard_rule_constraint_gap|status_or_curse_penalty_gap,Unplayable,unplayable,{},"{""adds_keyword_or_modifier"": false, ""catalog_id"": ""normality"", ""class_name"": ""Normality"", ""commands"": [], ""creates_clone"": false, ""creates_specific_card"": false, ""dynamic_vars"": [""CalculatedVar"", ""CalculationBaseVar"", ""CalculationExtraVar"", ""DynamicVar""], ""powers"": [], ""sets_energy_cost"": false, ""sets_replay"": false, ""source_available"": true, ""source_path"": ""src/Core/Models/Cards/Normality.cs"", ""tags"": [""curse"", ""unplayable""], ""uses_card_select_from_hand"": false, ""uses_discard_pile"": false, ""uses_draw_pile"": false, ""uses_exhaust_pile"": false, ""uses_hand_pile"": true, ""uses_top_of_pile"": false, ""uses_upgrade_select_from_hand"": false}","不能被打出。
你在本回合不能打出超过3张牌。",[],hard_rule_constraint_gap: 不能打出、必须优先、出牌数限制等硬规则缺 typed constraint token/metric。 || status_or_curse_penalty_gap: 灼伤/遗憾/虚空/普通/懒惰等抽到/回合末/出牌限制惩罚缺统一触发器 profile。 || turn_or_delayed_rule: 本回合/下回合/每当/回合开始类规则可见但还不是统一 temporal rule token。
CARD.POOR_SLEEP,睡眠不佳,colorless,Curse,Curse,None,,gap,hard_rule_constraint_gap|retain|status_or_curse_penalty_gap,retain,,hard_rule_constraint_gap|status_or_curse_penalty_gap,Retain|Unplayable,retain|unplayable,{},"{""adds_keyword_or_modifier"": false, ""catalog_id"": ""poor_sleep"", ""class_name"": ""PoorSleep"", ""commands"": [], ""creates_clone"": false, ""creates_specific_card"": false, ""dynamic_vars"": [], ""powers"": [], ""sets_energy_cost"": false, ""sets_replay"": false, ""source_available"": true, ""source_path"": ""src/Core/Models/Cards/PoorSleep.cs"", ""tags"": [""curse"", ""retain"", ""unplayable""], ""uses_card_select_from_hand"": false, ""uses_discard_pile"": false, ""uses_draw_pile"": false, ""uses_exhaust_pile"": false, ""uses_hand_pile"": false, ""uses_top_of_pile"": false, ""uses_upgrade_select_from_hand"": false}","不能被打出。
保留。",[],hard_rule_constraint_gap: 不能打出、必须优先、出牌数限制等硬规则缺 typed constraint token/metric。 || status_or_curse_penalty_gap: 灼伤/遗憾/虚空/普通/懒惰等抽到/回合末/出牌限制惩罚缺统一触发器 profile。
CARD.REGRET,悔恨,colorless,Curse,Curse,None,,gap,hard_rule_constraint_gap|hp_or_self_cost|status_or_curse_penalty_gap|turn_or_delayed_rule,hp_or_self_cost,turn_or_delayed_rule,hard_rule_constraint_gap|status_or_curse_penalty_gap,Unplayable,unplayable,{},"{""adds_keyword_or_modifier"": false, ""catalog_id"": ""regret"", ""class_name"": ""Regret"", ""commands"": [], ""creates_clone"": false, ""creates_specific_card"": false, ""dynamic_vars"": [], ""powers"": [], ""sets_energy_cost"": false, ""sets_replay"": false, ""source_available"": true, ""source_path"": ""src/Core/Models/Cards/Regret.cs"", ""tags"": [""curse"", ""unplayable""], ""uses_card_select_from_hand"": false, ""uses_discard_pile"": false, ""uses_draw_pile"": false, ""uses_exhaust_pile"": false, ""uses_hand_pile"": true, ""uses_top_of_pile"": false, ""uses_upgrade_select_from_hand"": false}","不能被打出。
在你的回合结束时，如果这张牌在你的手牌中，失去相当于手牌数量的生命。",[],hard_rule_constraint_gap: 不能打出、必须优先、出牌数限制等硬规则缺 typed constraint token/metric。 || status_or_curse_penalty_gap: 灼伤/遗憾/虚空/普通/懒惰等抽到/回合末/出牌限制惩罚缺统一触发器 profile。 || turn_or_delayed_rule: 本回合/下回合/每当/回合开始类规则可见但还不是统一 temporal rule token。
CARD.SHAME,羞耻,colorless,Curse,Curse,None,,gap,global_rule_power|hard_rule_constraint_gap|status_or_curse_penalty_gap|turn_or_delayed_rule,,global_rule_power|turn_or_delayed_rule,hard_rule_constraint_gap|status_or_curse_penalty_gap,Unplayable,unplayable,{},"{""adds_keyword_or_modifier"": false, ""catalog_id"": ""shame"", ""class_name"": ""Shame"", ""commands"": [""Apply""], ""creates_clone"": false, ""creates_specific_card"": false, ""dynamic_vars"": [""DynamicVar""], ""powers"": [""FrailPower""], ""sets_energy_cost"": false, ""sets_replay"": false, ""source_available"": true, ""source_path"": ""src/Core/Models/Cards/Shame.cs"", ""tags"": [""curse"", ""frail"", ""unplayable""], ""uses_card_select_from_hand"": false, ""uses_discard_pile"": false, ""uses_draw_pile"": false, ""uses_exhaust_pile"": false, ""uses_hand_pile"": false, ""uses_top_of_pile"": false, ""uses_upgrade_select_from_hand"": false}","不能被打出。
在你的回合结束时，如果这张牌在你的手牌中，则获得1层脆弱。",[],global_rule_power: 腐化/黑暗之拥/怀旧等会改写未来规则；可见但最好变成 rule-transition token。 || hard_rule_constraint_gap: 不能打出、必须优先、出牌数限制等硬规则缺 typed constraint token/metric。 || status_or_curse_penalty_gap: 灼伤/遗憾/虚空/普通/懒惰等抽到/回合末/出牌限制惩罚缺统一触发器 profile。 || turn_or_delayed_rule: 本回合/下回合/每当/回合开始类规则可见但还不是统一 temporal rule token。
CARD.SPORE_MIND,孢子心灵,colorless,Curse,Curse,None,1,gap,exhaust_self|status_or_curse_penalty_gap,exhaust_self,,status_or_curse_penalty_gap,Exhaust,exhaust_self,{},"{""adds_keyword_or_modifier"": false, ""catalog_id"": ""spore_mind"", ""class_name"": ""SporeMind"", ""commands"": [], ""creates_clone"": false, ""creates_specific_card"": false, ""dynamic_vars"": [], ""powers"": [], ""sets_energy_cost"": false, ""sets_replay"": false, ""source_available"": true, ""source_path"": ""src/Core/Models/Cards/SporeMind.cs"", ""tags"": [""curse"", ""exhaust""], ""uses_card_select_from_hand"": false, ""uses_discard_pile"": false, ""uses_draw_pile"": false, ""uses_exhaust_pile"": false, ""uses_hand_pile"": false, ""uses_top_of_pile"": false, ""uses_upgrade_select_from_hand"": false}",消耗。,[],status_or_curse_penalty_gap: 灼伤/遗憾/虚空/普通/懒惰等抽到/回合末/出牌限制惩罚缺统一触发器 profile。
CARD.WRITHE,苦恼,colorless,Curse,Curse,None,,gap,hard_rule_constraint_gap|status_or_curse_penalty_gap,,,hard_rule_constraint_gap|status_or_curse_penalty_gap,Innate|Unplayable,innate|unplayable,{},"{""adds_keyword_or_modifier"": false, ""catalog_id"": ""writhe"", ""class_name"": ""Writhe"", ""commands"": [], ""creates_clone"": false, ""creates_specific_card"": false, ""dynamic_vars"": [], ""powers"": [], ""sets_energy_cost"": false, ""sets_replay"": false, ""source_available"": true, ""source_path"": ""src/Core/Models/Cards/Writhe.cs"", ""tags"": [""curse"", ""innate"", ""unplayable""], ""uses_card_select_from_hand"": false, ""uses_discard_pile"": false, ""uses_draw_pile"": false, ""uses_exhaust_pile"": false, ""uses_hand_pile"": false, ""uses_top_of_pile"": false, ""uses_upgrade_select_from_hand"": false}","不能被打出。
固有。",[],hard_rule_constraint_gap: 不能打出、必须优先、出牌数限制等硬规则缺 typed constraint token/metric。 || status_or_curse_penalty_gap: 灼伤/遗憾/虚空/普通/懒惰等抽到/回合末/出牌限制惩罚缺统一触发器 profile。
CARD.BYRD_SWOOP,异鸟扑击,colorless,Event,Attack,AnyEnemy,0,covered,damage,damage,,,,damage,"{""damage"": 14}","{""adds_keyword_or_modifier"": false, ""catalog_id"": ""byrd_swoop"", ""class_name"": ""ByrdSwoop"", ""commands"": [""Attack""], ""creates_clone"": false, ""creates_specific_card"": false, ""dynamic_vars"": [""DamageVar""], ""powers"": [], ""sets_energy_cost"": false, ""sets_replay"": false, ""source_available"": true, ""source_path"": ""src/Core/Models/Cards/ByrdSwoop.cs"", ""tags"": [""attack"", ""damage"", ""single_target""], ""uses_card_select_from_hand"": false, ""uses_discard_pile"": false, ""uses_draw_pile"": false, ""uses_exhaust_pile"": false, ""uses_hand_pile"": false, ""uses_top_of_pile"": false, ""uses_upgrade_select_from_hand"": false}",造成14点伤害。,"[{""upgrade"": 1, ""description"": ""造成18点伤害。"", ""semanticTags"": [""damage""], ""semanticSignals"": {""damage"": 18}}]",
CARD.EXTERMINATE,杀灭,colorless,Event,Attack,AllEnemies,1,covered,damage|multi_hit_or_aoe,damage|multi_hit_or_aoe,,,,aoe|aoe_damage|multi_hit,"{""damage"": 3, ""hits"": 4}","{""adds_keyword_or_modifier"": false, ""catalog_id"": ""exterminate"", ""class_name"": ""Exterminate"", ""commands"": [""Attack""], ""creates_clone"": false, ""creates_specific_card"": false, ""dynamic_vars"": [""DamageVar"", ""DynamicVar"", ""RepeatVar""], ""powers"": [], ""sets_energy_cost"": false, ""sets_replay"": false, ""source_available"": true, ""source_path"": ""src/Core/Models/Cards/Exterminate.cs"", ""tags"": [""aoe"", ""attack"", ""damage"", ""multi_hit"", ""repeat""], ""uses_card_select_from_hand"": false, ""uses_discard_pile"": false, ""uses_draw_pile"": false, ""uses_exhaust_pile"": false, ""uses_hand_pile"": false, ""uses_top_of_pile"": false, ""uses_upgrade_select_from_hand"": false}",对所有敌人造成3点伤害4次。,"[{""upgrade"": 1, ""description"": ""对所有敌人造成4点伤害4次。"", ""semanticTags"": [""aoe"", ""aoe_damage"", ""multi_hit""], ""semanticSignals"": {""damage"": 4, ""hits"": 4}}]",
CARD.PECK,啄击,colorless,Event,Attack,AnyEnemy,1,covered,damage|multi_hit_or_aoe,damage|multi_hit_or_aoe,,,,damage|multi_hit,"{""damage"": 2, ""hits"": 3}","{""adds_keyword_or_modifier"": false, ""catalog_id"": ""peck"", ""class_name"": ""Peck"", ""commands"": [""Attack""], ""creates_clone"": false, ""creates_specific_card"": false, ""dynamic_vars"": [""DamageVar"", ""DynamicVar"", ""RepeatVar""], ""powers"": [], ""sets_energy_cost"": false, ""sets_replay"": false, ""source_available"": true, ""source_path"": ""src/Core/Models/Cards/Peck.cs"", ""tags"": [""attack"", ""damage"", ""multi_hit"", ""repeat"", ""single_target""], ""uses_card_select_from_hand"": false, ""uses_discard_pile"": false, ""uses_draw_pile"": false, ""uses_exhaust_pile"": false, ""uses_hand_pile"": false, ""uses_top_of_pile"": false, ""uses_upgrade_select_from_hand"": false}",造成2点伤害3次。,"[{""upgrade"": 1, ""description"": ""造成2点伤害4次。"", ""semanticTags"": [""damage"", ""multi_hit""], ""semanticSignals"": {""damage"": 2, ""hits"": 4}}]",
CARD.SQUASH,压扁,colorless,Event,Attack,AnyEnemy,1,partial,damage|debuff|global_rule_power,damage|debuff,global_rule_power,,,apply_vulnerable|damage,"{""damage"": 10, ""vulnerable"": 2}","{""adds_keyword_or_modifier"": false, ""catalog_id"": ""squash"", ""class_name"": ""Squash"", ""commands"": [""Apply"", ""Attack""], ""creates_clone"": false, ""creates_specific_card"": false, ""dynamic_vars"": [""DamageVar"", ""DynamicVar"", ""PowerVar""], ""powers"": [""VulnerablePower""], ""sets_energy_cost"": false, ""sets_replay"": false, ""source_available"": true, ""source_path"": ""src/Core/Models/Cards/Squash.cs"", ""tags"": [""attack"", ""damage"", ""single_target"", ""vulnerable""], ""uses_card_select_from_hand"": false, ""uses_discard_pile"": false, ""uses_draw_pile"": false, ""uses_exhaust_pile"": false, ""uses_hand_pile"": false, ""uses_top_of_pile"": false, ""uses_upgrade_select_from_hand"": false}","造成10点伤害。
给予2层易伤。","[{""upgrade"": 1, ""description"": ""造成12点伤害。\n给予3层易伤。"", ""semanticTags"": [""apply_vulnerable"", ""damage""], ""semanticSignals"": {""damage"": 12, ""vulnerable"": 3}}]",global_rule_power: 腐化/黑暗之拥/怀旧等会改写未来规则；可见但最好变成 rule-transition token。
CARD.MAD_SCIENCE,疯狂科学,colorless,Event,None,Self,1,gap,block|card_modifier_or_enchantment|damage|debuff|draw|effect_profile_granularity_gap|global_rule_power|pile_fetch_reorder|random_or_choose,block|damage|debuff|draw,card_modifier_or_enchantment|global_rule_power|pile_fetch_reorder|random_or_choose,effect_profile_granularity_gap,,,{},"{""adds_keyword_or_modifier"": true, ""catalog_id"": ""mad_science"", ""class_name"": ""MadScience"", ""commands"": [""Add"", ""Apply"", ""Attack"", ""Draw"", ""GainEnergy""], ""creates_clone"": false, ""creates_specific_card"": false, ""dynamic_vars"": [""BlockVar"", ""CardsVar"", ""DamageVar"", ""DynamicVar"", ""EnergyVar"", ""PowerVar""], ""powers"": [""CuriousPower"", ""DexterityPower"", ""ImprovementPower"", ""StranglePower"", ""StrengthPower"", ""VulnerablePower"", ""WeakPower""], ""sets_energy_cost"": false, ""sets_replay"": false, ""source_available"": true, ""source_path"": ""src/Core/Models/Cards/MadScience.cs"", ""tags"": [""block"", ""damage"", ""dexterity"", ""draw"", ""energy_gen"", ""innate"", ""strength"", ""vulnerable"", ""weak""], ""uses_card_select_from_hand"": false, ""uses_discard_pile"": false, ""uses_draw_pile"": false, ""uses_exhaust_pile"": false, ""uses_hand_pile"": true, ""uses_top_of_pile"": false, ""uses_upgrade_select_from_hand"": false}",{CardType:choose(Attack|Skill|Power):造成{Damage:diff()}点伤害{Violence:{ViolenceHits:diff()}次|}。|获得{Block:diff()}点格挡。|}能量,"[{""upgrade"": 1, ""description"": ""固有。\n{CardType:choose(Attack|Skill|Power):造成{Damage:diff()}点伤害{Violence:{ViolenceHits:diff()}次|}。|获得{Block:diff()}点格挡。|}能量"", ""semanticTags"": [""innate""], ""semanticSignals"": {}}]",card_modifier_or_enchantment: 已有 runtime 附魔/腐化/重放解析；但“给另一张牌添加附魔”的预效果仍需 typed 化。 || effect_profile_granularity_gap: 已有 upgrade_card/exhaust_other/transform_card/AddGeneratedCardToCombat 等粗粒度内部 ID，但缺 zone/scope/filter/duration/destination/modifier/count 参数；不能靠描述文本正则补主路径。 || global_rule_power: 腐化/黑暗之拥/怀旧等会改写未来规则；可见但最好变成 rule-transition token。 || pile_fetch_reorder: 抽牌堆/弃牌堆/牌堆顶部信息可被注意力看到，也能从 PileType/CardPileCmd 内部调用定位；动作的 pile transition 仍不够结构化。 || random_or_choose: 随机/三选一结果不是确定 transition；模型能看到但缺分布式结果 profile。
CARD.ENLIGHTENMENT,开悟,colorless,Event,Skill,Self,0,gap,cost_modify|effect_profile_granularity_gap|exhaust_other_or_hand|exhaust_self|whole_hand_state,exhaust_self,cost_modify|exhaust_other_or_hand|whole_hand_state,effect_profile_granularity_gap,Exhaust,exhaust_self,{},"{""adds_keyword_or_modifier"": false, ""catalog_id"": ""enlightenment"", ""class_name"": ""Enlightenment"", ""commands"": [], ""creates_clone"": false, ""creates_specific_card"": false, ""dynamic_vars"": [], ""powers"": [], ""sets_energy_cost"": true, ""sets_replay"": false, ""source_available"": true, ""source_path"": ""src/Core/Models/Cards/Enlightenment.cs"", ""tags"": [""exhaust"", ""self_target"", ""skill""], ""uses_card_select_from_hand"": false, ""uses_discard_pile"": false, ""uses_draw_pile"": false, ""uses_exhaust_pile"": false, ""uses_hand_pile"": true, ""uses_top_of_pile"": false, ""uses_upgrade_select_from_hand"": false}","在这个回合，你当前手牌中所有牌的耗能降低至1。
消耗。","[{""upgrade"": 1, ""description"": ""在这场战斗，你当前手牌中所有牌的耗能降低至1。\n消耗。"", ""semanticTags"": [""exhaust_self""], ""semanticSignals"": {}}]",cost_modify: EnergyCost.Set*/FreeAttackPower/CorruptionPower 等内部 ID 可定位；仍需目标范围、持续时间、后续可打价值 typed 化。 || effect_profile_granularity_gap: 已有 upgrade_card/exhaust_other/transform_card/AddGeneratedCardToCombat 等粗粒度内部 ID，但缺 zone/scope/filter/duration/destination/modifier/count 参数；不能靠描述文本正则补主路径。 || exhaust_other_or_hand: CardCmd.Exhaust 内部命令可定位；但选择目标/全手牌/随机目标需要 typed hand transition。 || whole_hand_state: 可从 PileType.Hand + Upgrade/Transform/Exhaust/EnergyCost 等内部访问定位；仍需显式 hand-state transition。
CARD.FEEDING_FRENZY,疯狂进食,colorless,Event,Skill,Self,0,partial,buff_stats|global_rule_power|turn_or_delayed_rule,buff_stats,global_rule_power|turn_or_delayed_rule,,,gain_strength,"{""strengthGain"": 5}","{""adds_keyword_or_modifier"": false, ""catalog_id"": ""feeding_frenzy"", ""class_name"": ""FeedingFrenzy"", ""commands"": [""Apply""], ""creates_clone"": false, ""creates_specific_card"": false, ""dynamic_vars"": [""PowerVar""], ""powers"": [""FeedingFrenzyPower"", ""StrengthPower""], ""sets_energy_cost"": false, ""sets_replay"": false, ""source_available"": true, ""source_path"": ""src/Core/Models/Cards/FeedingFrenzy.cs"", ""tags"": [""self_target"", ""skill"", ""strength""], ""uses_card_select_from_hand"": false, ""uses_discard_pile"": false, ""uses_draw_pile"": false, ""uses_exhaust_pile"": false, ""uses_hand_pile"": false, ""uses_top_of_pile"": false, ""uses_upgrade_select_from_hand"": false}",在本回合内获得5点力量。,"[{""upgrade"": 1, ""description"": ""在本回合内获得7点力量。"", ""semanticTags"": [""gain_strength""], ""semanticSignals"": {""strengthGain"": 7}}]",global_rule_power: 腐化/黑暗之拥/怀旧等会改写未来规则；可见但最好变成 rule-transition token。 || turn_or_delayed_rule: 本回合/下回合/每当/回合开始类规则可见但还不是统一 temporal rule token。
CARD.METAMORPHOSIS,羽化,colorless,Event,Skill,Self,2,gap,add_or_generate_card|cost_modify|draw|effect_profile_granularity_gap|exhaust_other_or_hand|exhaust_self|pile_fetch_reorder|play_top_or_autoplay|random_or_choose,draw|exhaust_self,add_or_generate_card|cost_modify|exhaust_other_or_hand|pile_fetch_reorder|play_top_or_autoplay|random_or_choose,effect_profile_granularity_gap,Exhaust,exhaust_self|random,{},"{""adds_keyword_or_modifier"": false, ""catalog_id"": ""metamorphosis"", ""class_name"": ""Metamorphosis"", ""commands"": [""AddGeneratedCardToCombat"", ""PreviewCardPileAdd""], ""creates_clone"": false, ""creates_specific_card"": false, ""dynamic_vars"": [""CardsVar""], ""powers"": [], ""sets_energy_cost"": false, ""sets_replay"": false, ""source_available"": true, ""source_path"": ""src/Core/Models/Cards/Metamorphosis.cs"", ""tags"": [""draw"", ""exhaust"", ""self_target"", ""skill""], ""uses_card_select_from_hand"": false, ""uses_discard_pile"": false, ""uses_draw_pile"": true, ""uses_exhaust_pile"": false, ""uses_hand_pile"": false, ""uses_top_of_pile"": false, ""uses_upgrade_select_from_hand"": false}","在你的抽牌堆中加入3张随机攻击牌。它们在本场战斗中可以被免费打出。
消耗。","[{""upgrade"": 1, ""description"": ""在你的抽牌堆中加入5张随机攻击牌。它们在本场战斗中可以被免费打出。\n消耗。"", ""semanticTags"": [""exhaust_self"", ""random""], ""semanticSignals"": {}}]",add_or_generate_card: 生成牌/加手牌可由 AddGeneratedCardToCombat 等内部命令定位，但生成池、费用和本回合免费等还需要更强 typed profile。 || cost_modify: EnergyCost.Set*/FreeAttackPower/CorruptionPower 等内部 ID 可定位；仍需目标范围、持续时间、后续可打价值 typed 化。 || effect_profile_granularity_gap: 已有 upgrade_card/exhaust_other/transform_card/AddGeneratedCardToCombat 等粗粒度内部 ID，但缺 zone/scope/filter/duration/destination/modifier/count 参数；不能靠描述文本正则补主路径。 || exhaust_other_or_hand: CardCmd.Exhaust 内部命令可定位；但选择目标/全手牌/随机目标需要 typed hand transition。 || pile_fetch_reorder: 抽牌堆/弃牌堆/牌堆顶部信息可被注意力看到，也能从 PileType/CardPileCmd 内部调用定位；动作的 pile transition 仍不够结构化。 || play_top_or_autoplay: 破灭/倾泻/自动打出类可见，但缺打出目标、消耗去向、连锁结果的 typed lookahead。 || random_or_choose: 随机/三选一结果不是确定 transition；模型能看到但缺分布式结果 profile。
CARD.TORIC_TOUGHNESS,坚韧之环,colorless,Event,Skill,Self,2,partial,block|global_rule_power|turn_or_delayed_rule,block,global_rule_power|turn_or_delayed_rule,,,block,"{""block"": 10}","{""adds_keyword_or_modifier"": false, ""catalog_id"": ""toric_toughness"", ""class_name"": ""ToricToughness"", ""commands"": [""Apply""], ""creates_clone"": false, ""creates_specific_card"": false, ""dynamic_vars"": [""BlockVar"", ""DynamicVar""], ""powers"": [""ToricToughnessPower""], ""sets_energy_cost"": false, ""sets_replay"": false, ""source_available"": true, ""source_path"": ""src/Core/Models/Cards/ToricToughness.cs"", ""tags"": [""block"", ""self_target"", ""skill""], ""uses_card_select_from_hand"": false, ""uses_discard_pile"": false, ""uses_draw_pile"": false, ""uses_exhaust_pile"": false, ""uses_hand_pile"": false, ""uses_top_of_pile"": false, ""uses_upgrade_select_from_hand"": false}","获得5点格挡。
在接下来的2个回合开始时，获得5点格挡。","[{""upgrade"": 1, ""description"": ""获得7点格挡。\n在接下来的2个回合开始时，获得7点格挡。"", ""semanticTags"": [""block""], ""semanticSignals"": {""block"": 14}}]",global_rule_power: 腐化/黑暗之拥/怀旧等会改写未来规则；可见但最好变成 rule-transition token。 || turn_or_delayed_rule: 本回合/下回合/每当/回合开始类规则可见但还不是统一 temporal rule token。
CARD.BYRDONIS_EGG,多尼斯异鸟蛋,colorless,Quest,Quest,None,,gap,hard_rule_constraint_gap,,,hard_rule_constraint_gap,Unplayable,unplayable,{},"{""adds_keyword_or_modifier"": false, ""catalog_id"": ""byrdonis_egg"", ""class_name"": ""ByrdonisEgg"", ""commands"": [], ""creates_clone"": false, ""creates_specific_card"": false, ""dynamic_vars"": [], ""powers"": [], ""sets_energy_cost"": false, ""sets_replay"": false, ""source_available"": true, ""source_path"": ""src/Core/Models/Cards/ByrdonisEgg.cs"", ""tags"": [""unplayable""], ""uses_card_select_from_hand"": false, ""uses_discard_pile"": false, ""uses_draw_pile"": false, ""uses_exhaust_pile"": false, ""uses_hand_pile"": false, ""uses_top_of_pile"": false, ""uses_upgrade_select_from_hand"": false}","不能被打出。
能在休息处被孵化。",[],hard_rule_constraint_gap: 不能打出、必须优先、出牌数限制等硬规则缺 typed constraint token/metric。
CARD.LANTERN_KEY,灯火钥匙,colorless,Quest,Quest,Self,,gap,hard_rule_constraint_gap,,,hard_rule_constraint_gap,Unplayable,unplayable,{},"{""adds_keyword_or_modifier"": false, ""catalog_id"": ""lantern_key"", ""class_name"": ""LanternKey"", ""commands"": [], ""creates_clone"": false, ""creates_specific_card"": false, ""dynamic_vars"": [], ""powers"": [], ""sets_energy_cost"": false, ""sets_replay"": false, ""source_available"": true, ""source_path"": ""src/Core/Models/Cards/LanternKey.cs"", ""tags"": [""self_target"", ""unplayable""], ""uses_card_select_from_hand"": false, ""uses_discard_pile"": false, ""uses_draw_pile"": false, ""uses_exhaust_pile"": false, ""uses_hand_pile"": false, ""uses_top_of_pile"": false, ""uses_upgrade_select_from_hand"": false}","不能被打出。
在下一阶段解锁一个特殊事件。",[],hard_rule_constraint_gap: 不能打出、必须优先、出牌数限制等硬规则缺 typed constraint token/metric。
CARD.SPOILS_MAP,藏宝图,colorless,Quest,Quest,Self,,gap,hard_rule_constraint_gap|potion_or_gold_gain,potion_or_gold_gain,,hard_rule_constraint_gap,Unplayable,unplayable,{},"{""adds_keyword_or_modifier"": false, ""catalog_id"": ""spoils_map"", ""class_name"": ""SpoilsMap"", ""commands"": [""CompleteQuest"", ""GainGold"", ""RemoveFromDeck""], ""creates_clone"": false, ""creates_specific_card"": false, ""dynamic_vars"": [""GoldVar""], ""powers"": [], ""sets_energy_cost"": false, ""sets_replay"": false, ""source_available"": true, ""source_path"": ""src/Core/Models/Cards/SpoilsMap.cs"", ""tags"": [""gold_gen"", ""self_target"", ""unplayable""], ""uses_card_select_from_hand"": false, ""uses_discard_pile"": false, ""uses_draw_pile"": false, ""uses_exhaust_pile"": false, ""uses_hand_pile"": false, ""uses_top_of_pile"": false, ""uses_upgrade_select_from_hand"": false}","不能被打出。
在下一阶段的地图上，标记一个有600额外金币的地点。",[],hard_rule_constraint_gap: 不能打出、必须优先、出牌数限制等硬规则缺 typed constraint token/metric。
CARD.BOLAS,流星锤,colorless,Rare,Attack,AnyEnemy,0,gap,damage|effect_profile_granularity_gap|pile_fetch_reorder|turn_or_delayed_rule,damage,pile_fetch_reorder|turn_or_delayed_rule,effect_profile_granularity_gap,,damage,"{""damage"": 3}","{""adds_keyword_or_modifier"": false, ""catalog_id"": ""bolas"", ""class_name"": ""Bolas"", ""commands"": [""Add"", ""Attack""], ""creates_clone"": false, ""creates_specific_card"": false, ""dynamic_vars"": [""DamageVar""], ""powers"": [], ""sets_energy_cost"": false, ""sets_replay"": false, ""source_available"": true, ""source_path"": ""src/Core/Models/Cards/Bolas.cs"", ""tags"": [""attack"", ""damage"", ""rare"", ""single_target""], ""uses_card_select_from_hand"": false, ""uses_discard_pile"": false, ""uses_draw_pile"": false, ""uses_exhaust_pile"": false, ""uses_hand_pile"": true, ""uses_top_of_pile"": false, ""uses_upgrade_select_from_hand"": false}","造成3点伤害。
在你的下个回合开始时，将此卡返回你的手牌。","[{""upgrade"": 1, ""description"": ""造成4点伤害。\n在你的下个回合开始时，将此卡返回你的手牌。"", ""semanticTags"": [""damage""], ""semanticSignals"": {""damage"": 4}}]",effect_profile_granularity_gap: 已有 upgrade_card/exhaust_other/transform_card/AddGeneratedCardToCombat 等粗粒度内部 ID，但缺 zone/scope/filter/duration/destination/modifier/count 参数；不能靠描述文本正则补主路径。 || pile_fetch_reorder: 抽牌堆/弃牌堆/牌堆顶部信息可被注意力看到，也能从 PileType/CardPileCmd 内部调用定位；动作的 pile transition 仍不够结构化。 || turn_or_delayed_rule: 本回合/下回合/每当/回合开始类规则可见但还不是统一 temporal rule token。
CARD.GOLD_AXE,金斧,colorless,Rare,Attack,AnyEnemy,1,gap,card_modifier_or_enchantment|damage|effect_profile_granularity_gap|potion_or_gold_gain|retain,damage|potion_or_gold_gain|retain,card_modifier_or_enchantment,effect_profile_granularity_gap,,,{},"{""adds_keyword_or_modifier"": true, ""catalog_id"": ""gold_axe"", ""class_name"": ""GoldAxe"", ""commands"": [""Attack""], ""creates_clone"": false, ""creates_specific_card"": false, ""dynamic_vars"": [""CalculatedDamageVar"", ""CalculationBaseVar"", ""DynamicVar"", ""ExtraDamageVar""], ""powers"": [], ""sets_energy_cost"": false, ""sets_replay"": false, ""source_available"": true, ""source_path"": ""src/Core/Models/Cards/GoldAxe.cs"", ""tags"": [""attack"", ""damage"", ""rare"", ""retain"", ""single_target""], ""uses_card_select_from_hand"": false, ""uses_discard_pile"": false, ""uses_draw_pile"": false, ""uses_exhaust_pile"": false, ""uses_hand_pile"": false, ""uses_top_of_pile"": false, ""uses_upgrade_select_from_hand"": false}",造成本场战斗中所打出牌数的伤害。,"[{""upgrade"": 1, ""description"": ""保留。\n造成本场战斗中所打出牌数的伤害。"", ""semanticTags"": [""retain""], ""semanticSignals"": {}}]",card_modifier_or_enchantment: 已有 runtime 附魔/腐化/重放解析；但“给另一张牌添加附魔”的预效果仍需 typed 化。 || effect_profile_granularity_gap: 已有 upgrade_card/exhaust_other/transform_card/AddGeneratedCardToCombat 等粗粒度内部 ID，但缺 zone/scope/filter/duration/destination/modifier/count 参数；不能靠描述文本正则补主路径。
CARD.HAND_OF_GREED,贪婪之手,colorless,Rare,Attack,AnyEnemy,2,covered,damage|potion_or_gold_gain,damage|potion_or_gold_gain,,,,damage,"{""damage"": 20}","{""adds_keyword_or_modifier"": false, ""catalog_id"": ""hand_of_greed"", ""class_name"": ""HandOfGreed"", ""commands"": [""Attack"", ""GainGold""], ""creates_clone"": false, ""creates_specific_card"": false, ""dynamic_vars"": [""DamageVar"", ""DynamicVar""], ""powers"": [], ""sets_energy_cost"": false, ""sets_replay"": false, ""source_available"": true, ""source_path"": ""src/Core/Models/Cards/HandOfGreed.cs"", ""tags"": [""attack"", ""damage"", ""rare"", ""single_target""], ""uses_card_select_from_hand"": false, ""uses_discard_pile"": false, ""uses_draw_pile"": false, ""uses_exhaust_pile"": false, ""uses_hand_pile"": false, ""uses_top_of_pile"": false, ""uses_upgrade_select_from_hand"": false}","造成20点伤害。
斩杀时，获得20金币。","[{""upgrade"": 1, ""description"": ""造成25点伤害。\n斩杀时，获得25金币。"", ""semanticTags"": [""damage""], ""semanticSignals"": {""damage"": 25}}]",
CARD.JACKPOT,大奖,colorless,Rare,Attack,AnyEnemy,3,gap,add_or_generate_card|damage|draw|effect_profile_granularity_gap|random_or_choose|upgrade_card|whole_hand_state,damage|draw,add_or_generate_card|random_or_choose|upgrade_card|whole_hand_state,effect_profile_granularity_gap,,add_to_hand|damage|random,"{""cardsToHand"": 3, ""damage"": 25}","{""adds_keyword_or_modifier"": false, ""catalog_id"": ""jackpot"", ""class_name"": ""Jackpot"", ""commands"": [""AddGeneratedCardToCombat"", ""Attack"", ""Upgrade""], ""creates_clone"": false, ""creates_specific_card"": false, ""dynamic_vars"": [""CardsVar"", ""DamageVar"", ""DynamicVar""], ""powers"": [], ""sets_energy_cost"": false, ""sets_replay"": false, ""source_available"": true, ""source_path"": ""src/Core/Models/Cards/Jackpot.cs"", ""tags"": [""attack"", ""damage"", ""draw"", ""rare"", ""single_target"", ""upgrade_card""], ""uses_card_select_from_hand"": false, ""uses_discard_pile"": false, ""uses_draw_pile"": false, ""uses_exhaust_pile"": false, ""uses_hand_pile"": true, ""uses_top_of_pile"": false, ""uses_upgrade_select_from_hand"": false}","造成25点伤害。
将3张随机0点能量的牌加入你的手牌。","[{""upgrade"": 1, ""description"": ""造成30点伤害。\n将3张随机升级过的0点能量的牌加入你的手牌。"", ""semanticTags"": [""add_to_hand"", ""damage"", ""random"", ""upgrade_card""], ""semanticSignals"": {""cardsToHand"": 3, ""damage"": 30}}]",add_or_generate_card: 生成牌/加手牌可由 AddGeneratedCardToCombat 等内部命令定位，但生成池、费用和本回合免费等还需要更强 typed profile。 || effect_profile_granularity_gap: 已有 upgrade_card/exhaust_other/transform_card/AddGeneratedCardToCombat 等粗粒度内部 ID，但缺 zone/scope/filter/duration/destination/modifier/count 参数；不能靠描述文本正则补主路径。 || random_or_choose: 随机/三选一结果不是确定 transition；模型能看到但缺分布式结果 profile。 || upgrade_card: 已有 upgrade_card tag / CardCmd.Upgrade 内部命令；缺 zone/scope/filter/selection 等结构参数。 || whole_hand_state: 可从 PileType.Hand + Upgrade/Transform/Exhaust/EnergyCost 等内部访问定位；仍需显式 hand-state transition。
CARD.KNOCKDOWN,击倒,colorless,Rare,Attack,AnyEnemy,3,partial,damage|global_rule_power|hp_or_self_cost|turn_or_delayed_rule,damage|hp_or_self_cost,global_rule_power|turn_or_delayed_rule,,,damage|hp_loss,"{""damage"": 10}","{""adds_keyword_or_modifier"": false, ""catalog_id"": ""knockdown"", ""class_name"": ""Knockdown"", ""commands"": [""Apply"", ""Attack""], ""creates_clone"": false, ""creates_specific_card"": false, ""dynamic_vars"": [""DamageVar"", ""DynamicVar"", ""PowerVar""], ""powers"": [""KnockdownPower""], ""sets_energy_cost"": false, ""sets_replay"": false, ""source_available"": true, ""source_path"": ""src/Core/Models/Cards/Knockdown.cs"", ""tags"": [""attack"", ""damage"", ""rare"", ""single_target""], ""uses_card_select_from_hand"": false, ""uses_discard_pile"": false, ""uses_draw_pile"": false, ""uses_exhaust_pile"": false, ""uses_hand_pile"": false, ""uses_top_of_pile"": false, ""uses_upgrade_select_from_hand"": false}","造成10点伤害。
该敌人在本回合受到的来自其他玩家的伤害变为两倍。","[{""upgrade"": 1, ""description"": ""造成14点伤害。\n该敌人在本回合受到的来自其他玩家的伤害变为三倍。"", ""semanticTags"": [""damage"", ""hp_loss""], ""semanticSignals"": {""damage"": 14}}]",global_rule_power: 腐化/黑暗之拥/怀旧等会改写未来规则；可见但最好变成 rule-transition token。 || turn_or_delayed_rule: 本回合/下回合/每当/回合开始类规则可见但还不是统一 temporal rule token。
CARD.REND,撕碎,colorless,Rare,Attack,AnyEnemy,2,covered,damage,damage,,,,damage,"{""damage"": 20}","{""adds_keyword_or_modifier"": false, ""catalog_id"": ""rend"", ""class_name"": ""Rend"", ""commands"": [""Attack""], ""creates_clone"": false, ""creates_specific_card"": false, ""dynamic_vars"": [""CalculatedDamageVar"", ""CalculationBaseVar"", ""DynamicVar"", ""ExtraDamageVar""], ""powers"": [], ""sets_energy_cost"": false, ""sets_replay"": false, ""source_available"": true, ""source_path"": ""src/Core/Models/Cards/Rend.cs"", ""tags"": [""attack"", ""damage"", ""rare"", ""single_target""], ""uses_card_select_from_hand"": false, ""uses_discard_pile"": false, ""uses_draw_pile"": false, ""uses_exhaust_pile"": false, ""uses_hand_pile"": false, ""uses_top_of_pile"": false, ""uses_upgrade_select_from_hand"": false}","造成15点伤害。
该名敌人身上每有一种负面效果，就额外造成5点伤害。","[{""upgrade"": 1, ""description"": ""造成18点伤害。\n该名敌人身上每有一种负面效果，就额外造成8点伤害。"", ""semanticTags"": [""damage""], ""semanticSignals"": {""damage"": 26}}]",
CARD.SALVO,箭雨,colorless,Rare,Attack,AnyEnemy,1,gap,damage|effect_profile_granularity_gap|global_rule_power|retain|turn_or_delayed_rule|whole_hand_state,damage|retain,global_rule_power|turn_or_delayed_rule|whole_hand_state,effect_profile_granularity_gap,,damage|retain,"{""damage"": 12}","{""adds_keyword_or_modifier"": false, ""catalog_id"": ""salvo"", ""class_name"": ""Salvo"", ""commands"": [""Apply"", ""Attack""], ""creates_clone"": false, ""creates_specific_card"": false, ""dynamic_vars"": [""DamageVar""], ""powers"": [""RetainHandPower""], ""sets_energy_cost"": false, ""sets_replay"": false, ""source_available"": true, ""source_path"": ""src/Core/Models/Cards/Salvo.cs"", ""tags"": [""attack"", ""damage"", ""rare"", ""retain"", ""single_target""], ""uses_card_select_from_hand"": false, ""uses_discard_pile"": false, ""uses_draw_pile"": false, ""uses_exhaust_pile"": false, ""uses_hand_pile"": false, ""uses_top_of_pile"": false, ""uses_upgrade_select_from_hand"": false}","造成12点伤害。
在本回合保留你的手牌。","[{""upgrade"": 1, ""description"": ""造成16点伤害。\n在本回合保留你的手牌。"", ""semanticTags"": [""damage"", ""retain""], ""semanticSignals"": {""damage"": 16}}]",effect_profile_granularity_gap: 已有 upgrade_card/exhaust_other/transform_card/AddGeneratedCardToCombat 等粗粒度内部 ID，但缺 zone/scope/filter/duration/destination/modifier/count 参数；不能靠描述文本正则补主路径。 || global_rule_power: 腐化/黑暗之拥/怀旧等会改写未来规则；可见但最好变成 rule-transition token。 || turn_or_delayed_rule: 本回合/下回合/每当/回合开始类规则可见但还不是统一 temporal rule token。 || whole_hand_state: 可从 PileType.Hand + Upgrade/Transform/Exhaust/EnergyCost 等内部访问定位；仍需显式 hand-state transition。
CARD.BEACON_OF_HOPE,希望灯塔,colorless,Rare,Power,Self,1,gap,block|card_modifier_or_enchantment|effect_profile_granularity_gap|global_rule_power|turn_or_delayed_rule,block,card_modifier_or_enchantment|global_rule_power|turn_or_delayed_rule,effect_profile_granularity_gap,,,{},"{""adds_keyword_or_modifier"": true, ""catalog_id"": ""beacon_of_hope"", ""class_name"": ""BeaconOfHope"", ""commands"": [""Apply""], ""creates_clone"": false, ""creates_specific_card"": false, ""dynamic_vars"": [], ""powers"": [""BeaconOfHopePower""], ""sets_energy_cost"": false, ""sets_replay"": false, ""source_available"": true, ""source_path"": ""src/Core/Models/Cards/BeaconOfHope.cs"", ""tags"": [""innate"", ""power"", ""rare"", ""self_target""], ""uses_card_select_from_hand"": false, ""uses_discard_pile"": false, ""uses_draw_pile"": false, ""uses_exhaust_pile"": false, ""uses_hand_pile"": false, ""uses_top_of_pile"": false, ""uses_upgrade_select_from_hand"": false}",每当你在你的回合获得格挡时，其他玩家获得相应一半的格挡。,"[{""upgrade"": 1, ""description"": ""固有。\n每当你在你的回合获得格挡时，其他玩家获得相应一半的格挡。"", ""semanticTags"": [""innate""], ""semanticSignals"": {}}]",card_modifier_or_enchantment: 已有 runtime 附魔/腐化/重放解析；但“给另一张牌添加附魔”的预效果仍需 typed 化。 || effect_profile_granularity_gap: 已有 upgrade_card/exhaust_other/transform_card/AddGeneratedCardToCombat 等粗粒度内部 ID，但缺 zone/scope/filter/duration/destination/modifier/count 参数；不能靠描述文本正则补主路径。 || global_rule_power: 腐化/黑暗之拥/怀旧等会改写未来规则；可见但最好变成 rule-transition token。 || turn_or_delayed_rule: 本回合/下回合/每当/回合开始类规则可见但还不是统一 temporal rule token。
CARD.CALAMITY,灾祸,colorless,Rare,Power,Self,3,gap,add_or_generate_card|cost_modify|effect_profile_granularity_gap|global_rule_power|random_or_choose|turn_or_delayed_rule,,add_or_generate_card|cost_modify|global_rule_power|random_or_choose|turn_or_delayed_rule,effect_profile_granularity_gap,,generate_card|random,{},"{""adds_keyword_or_modifier"": false, ""catalog_id"": ""calamity"", ""class_name"": ""Calamity"", ""commands"": [""Apply""], ""creates_clone"": false, ""creates_specific_card"": false, ""dynamic_vars"": [], ""powers"": [""CalamityPower""], ""sets_energy_cost"": true, ""sets_replay"": false, ""source_available"": true, ""source_path"": ""src/Core/Models/Cards/Calamity.cs"", ""tags"": [""power"", ""rare"", ""self_target""], ""uses_card_select_from_hand"": false, ""uses_discard_pile"": false, ""uses_draw_pile"": false, ""uses_exhaust_pile"": false, ""uses_hand_pile"": false, ""uses_top_of_pile"": false, ""uses_upgrade_select_from_hand"": false}",每当你打出一张攻击牌时，将一张随机攻击牌添加到你的手牌。,"[{""upgrade"": 1, ""description"": ""每当你打出一张攻击牌时，将一张随机攻击牌添加到你的手牌。"", ""semanticTags"": [""generate_card"", ""random""], ""semanticSignals"": {}}]",add_or_generate_card: 生成牌/加手牌可由 AddGeneratedCardToCombat 等内部命令定位，但生成池、费用和本回合免费等还需要更强 typed profile。 || cost_modify: EnergyCost.Set*/FreeAttackPower/CorruptionPower 等内部 ID 可定位；仍需目标范围、持续时间、后续可打价值 typed 化。 || effect_profile_granularity_gap: 已有 upgrade_card/exhaust_other/transform_card/AddGeneratedCardToCombat 等粗粒度内部 ID，但缺 zone/scope/filter/duration/destination/modifier/count 参数；不能靠描述文本正则补主路径。 || global_rule_power: 腐化/黑暗之拥/怀旧等会改写未来规则；可见但最好变成 rule-transition token。 || random_or_choose: 随机/三选一结果不是确定 transition；模型能看到但缺分布式结果 profile。 || turn_or_delayed_rule: 本回合/下回合/每当/回合开始类规则可见但还不是统一 temporal rule token。
CARD.ENTROPY,熵,colorless,Rare,Power,Self,1,gap,card_modifier_or_enchantment|draw|effect_profile_granularity_gap|global_rule_power|transform_card|turn_or_delayed_rule,draw,card_modifier_or_enchantment|global_rule_power|transform_card|turn_or_delayed_rule,effect_profile_granularity_gap,,transform_card,{},"{""adds_keyword_or_modifier"": true, ""catalog_id"": ""entropy"", ""class_name"": ""Entropy"", ""commands"": [""Apply""], ""creates_clone"": false, ""creates_specific_card"": false, ""dynamic_vars"": [""CardsVar""], ""powers"": [""EntropyPower""], ""sets_energy_cost"": false, ""sets_replay"": false, ""source_available"": true, ""source_path"": ""src/Core/Models/Cards/Entropy.cs"", ""tags"": [""draw"", ""innate"", ""power"", ""rare"", ""self_target""], ""uses_card_select_from_hand"": false, ""uses_discard_pile"": false, ""uses_draw_pile"": false, ""uses_exhaust_pile"": false, ""uses_hand_pile"": false, ""uses_top_of_pile"": false, ""uses_upgrade_select_from_hand"": false}",在你的回合开始时，变化你手牌中的1张牌。,"[{""upgrade"": 1, ""description"": ""固有。\n在你的回合开始时，变化你手牌中的1张牌。"", ""semanticTags"": [""innate"", ""transform_card""], ""semanticSignals"": {}}]",card_modifier_or_enchantment: 已有 runtime 附魔/腐化/重放解析；但“给另一张牌添加附魔”的预效果仍需 typed 化。 || effect_profile_granularity_gap: 已有 upgrade_card/exhaust_other/transform_card/AddGeneratedCardToCombat 等粗粒度内部 ID，但缺 zone/scope/filter/duration/destination/modifier/count 参数；不能靠描述文本正则补主路径。 || global_rule_power: 腐化/黑暗之拥/怀旧等会改写未来规则；可见但最好变成 rule-transition token。 || transform_card: 已有 transform_card tag / CardCmd.Transform 内部命令；缺结果卡、source zone、filter 和 scope profile。 || turn_or_delayed_rule: 本回合/下回合/每当/回合开始类规则可见但还不是统一 temporal rule token。
CARD.ETERNAL_ARMOR,永恒铠甲,colorless,Rare,Power,Self,3,gap,block|buff_stats|card_modifier_or_enchantment|effect_profile_granularity_gap|global_rule_power,block|buff_stats,card_modifier_or_enchantment|global_rule_power,effect_profile_granularity_gap,,,{},"{""adds_keyword_or_modifier"": false, ""catalog_id"": ""eternal_armor"", ""class_name"": ""EternalArmor"", ""commands"": [""Apply""], ""creates_clone"": false, ""creates_specific_card"": false, ""dynamic_vars"": [""PowerVar""], ""powers"": [""PlatingPower""], ""sets_energy_cost"": false, ""sets_replay"": false, ""source_available"": true, ""source_path"": ""src/Core/Models/Cards/EternalArmor.cs"", ""tags"": [""power"", ""rare"", ""self_target""], ""uses_card_select_from_hand"": false, ""uses_discard_pile"": false, ""uses_draw_pile"": false, ""uses_exhaust_pile"": false, ""uses_hand_pile"": false, ""uses_top_of_pile"": false, ""uses_upgrade_select_from_hand"": false}",获得9层覆甲。,"[{""upgrade"": 1, ""description"": ""获得12层覆甲。"", ""semanticTags"": [], ""semanticSignals"": {}}]",card_modifier_or_enchantment: 已有 runtime 附魔/腐化/重放解析；但“给另一张牌添加附魔”的预效果仍需 typed 化。 || effect_profile_granularity_gap: 已有 upgrade_card/exhaust_other/transform_card/AddGeneratedCardToCombat 等粗粒度内部 ID，但缺 zone/scope/filter/duration/destination/modifier/count 参数；不能靠描述文本正则补主路径。 || global_rule_power: 腐化/黑暗之拥/怀旧等会改写未来规则；可见但最好变成 rule-transition token。
CARD.MAYHEM,乱战,colorless,Rare,Power,Self,2,gap,cost_modify|draw|effect_profile_granularity_gap|global_rule_power|pile_fetch_reorder|play_top_or_autoplay|turn_or_delayed_rule,draw,cost_modify|global_rule_power|pile_fetch_reorder|play_top_or_autoplay|turn_or_delayed_rule,effect_profile_granularity_gap,,,{},"{""adds_keyword_or_modifier"": false, ""catalog_id"": ""mayhem"", ""class_name"": ""Mayhem"", ""commands"": [""Apply""], ""creates_clone"": false, ""creates_specific_card"": false, ""dynamic_vars"": [], ""powers"": [""MayhemPower""], ""sets_energy_cost"": true, ""sets_replay"": false, ""source_available"": true, ""source_path"": ""src/Core/Models/Cards/Mayhem.cs"", ""tags"": [""power"", ""rare"", ""self_target""], ""uses_card_select_from_hand"": false, ""uses_discard_pile"": false, ""uses_draw_pile"": false, ""uses_exhaust_pile"": false, ""uses_hand_pile"": false, ""uses_top_of_pile"": false, ""uses_upgrade_select_from_hand"": false}",在你的回合开始时，打出你抽牌堆顶部的牌。,"[{""upgrade"": 1, ""description"": ""在你的回合开始时，打出你抽牌堆顶部的牌。"", ""semanticTags"": [], ""semanticSignals"": {}}]",cost_modify: EnergyCost.Set*/FreeAttackPower/CorruptionPower 等内部 ID 可定位；仍需目标范围、持续时间、后续可打价值 typed 化。 || effect_profile_granularity_gap: 已有 upgrade_card/exhaust_other/transform_card/AddGeneratedCardToCombat 等粗粒度内部 ID，但缺 zone/scope/filter/duration/destination/modifier/count 参数；不能靠描述文本正则补主路径。 || global_rule_power: 腐化/黑暗之拥/怀旧等会改写未来规则；可见但最好变成 rule-transition token。 || pile_fetch_reorder: 抽牌堆/弃牌堆/牌堆顶部信息可被注意力看到，也能从 PileType/CardPileCmd 内部调用定位；动作的 pile transition 仍不够结构化。 || play_top_or_autoplay: 破灭/倾泻/自动打出类可见，但缺打出目标、消耗去向、连锁结果的 typed lookahead。 || turn_or_delayed_rule: 本回合/下回合/每当/回合开始类规则可见但还不是统一 temporal rule token。
CARD.NOSTALGIA,怀旧,colorless,Rare,Power,Self,1,gap,cost_modify|draw|effect_profile_granularity_gap|global_rule_power|pile_fetch_reorder,draw,cost_modify|global_rule_power|pile_fetch_reorder,effect_profile_granularity_gap,,,{},"{""adds_keyword_or_modifier"": false, ""catalog_id"": ""nostalgia"", ""class_name"": ""Nostalgia"", ""commands"": [""Apply""], ""creates_clone"": false, ""creates_specific_card"": false, ""dynamic_vars"": [], ""powers"": [""NostalgiaPower""], ""sets_energy_cost"": true, ""sets_replay"": false, ""source_available"": true, ""source_path"": ""src/Core/Models/Cards/Nostalgia.cs"", ""tags"": [""power"", ""rare"", ""self_target""], ""uses_card_select_from_hand"": false, ""uses_discard_pile"": false, ""uses_draw_pile"": false, ""uses_exhaust_pile"": false, ""uses_hand_pile"": false, ""uses_top_of_pile"": false, ""uses_upgrade_select_from_hand"": false}",将你每回合打出第一张攻击或技能牌，置于你的抽牌堆顶端。,"[{""upgrade"": 1, ""description"": ""将你每回合打出第一张攻击或技能牌，置于你的抽牌堆顶端。"", ""semanticTags"": [], ""semanticSignals"": {}}]",cost_modify: EnergyCost.Set*/FreeAttackPower/CorruptionPower 等内部 ID 可定位；仍需目标范围、持续时间、后续可打价值 typed 化。 || effect_profile_granularity_gap: 已有 upgrade_card/exhaust_other/transform_card/AddGeneratedCardToCombat 等粗粒度内部 ID，但缺 zone/scope/filter/duration/destination/modifier/count 参数；不能靠描述文本正则补主路径。 || global_rule_power: 腐化/黑暗之拥/怀旧等会改写未来规则；可见但最好变成 rule-transition token。 || pile_fetch_reorder: 抽牌堆/弃牌堆/牌堆顶部信息可被注意力看到，也能从 PileType/CardPileCmd 内部调用定位；动作的 pile transition 仍不够结构化。
CARD.ROLLING_BOULDER,滚石,colorless,Rare,Power,Self,3,partial,damage|global_rule_power|multi_hit_or_aoe|turn_or_delayed_rule,damage|multi_hit_or_aoe,global_rule_power|turn_or_delayed_rule,,,aoe|aoe_damage,"{""damage"": 5}","{""adds_keyword_or_modifier"": false, ""catalog_id"": ""rolling_boulder"", ""class_name"": ""RollingBoulder"", ""commands"": [""Apply""], ""creates_clone"": false, ""creates_specific_card"": false, ""dynamic_vars"": [""DynamicVar"", ""PowerVar""], ""powers"": [""RollingBoulderPower""], ""sets_energy_cost"": false, ""sets_replay"": false, ""source_available"": true, ""source_path"": ""src/Core/Models/Cards/RollingBoulder.cs"", ""tags"": [""power"", ""rare"", ""self_target""], ""uses_card_select_from_hand"": false, ""uses_discard_pile"": false, ""uses_draw_pile"": false, ""uses_exhaust_pile"": false, ""uses_hand_pile"": false, ""uses_top_of_pile"": false, ""uses_upgrade_select_from_hand"": false}",在你的回合开始时，对所有敌人造成5点伤害，然后将该伤害增加5点。,"[{""upgrade"": 1, ""description"": ""在你的回合开始时，对所有敌人造成10点伤害，然后将该伤害增加5点。"", ""semanticTags"": [""aoe"", ""aoe_damage""], ""semanticSignals"": {""damage"": 10}}]",global_rule_power: 腐化/黑暗之拥/怀旧等会改写未来规则；可见但最好变成 rule-transition token。 || turn_or_delayed_rule: 本回合/下回合/每当/回合开始类规则可见但还不是统一 temporal rule token。
CARD.ALCHEMIZE,炼制药水,colorless,Rare,Skill,Self,1,gap,cost_modify|effect_profile_granularity_gap|exhaust_other_or_hand|exhaust_self|potion_or_gold_gain|random_or_choose,exhaust_self|potion_or_gold_gain,cost_modify|exhaust_other_or_hand|random_or_choose,effect_profile_granularity_gap,Exhaust,exhaust_self|gain_potion|random,"{""potionGain"": 1}","{""adds_keyword_or_modifier"": false, ""catalog_id"": ""alchemize"", ""class_name"": ""Alchemize"", ""commands"": [], ""creates_clone"": false, ""creates_specific_card"": false, ""dynamic_vars"": [], ""powers"": [], ""sets_energy_cost"": true, ""sets_replay"": false, ""source_available"": true, ""source_path"": ""src/Core/Models/Cards/Alchemize.cs"", ""tags"": [""exhaust"", ""rare"", ""self_target"", ""skill""], ""uses_card_select_from_hand"": false, ""uses_discard_pile"": false, ""uses_draw_pile"": false, ""uses_exhaust_pile"": false, ""uses_hand_pile"": false, ""uses_top_of_pile"": false, ""uses_upgrade_select_from_hand"": false}","获得一瓶随机药水。
消耗。","[{""upgrade"": 1, ""description"": ""获得一瓶随机药水。\n消耗。"", ""semanticTags"": [""exhaust_self"", ""gain_potion"", ""random""], ""semanticSignals"": {""potionGain"": 1}}]",cost_modify: EnergyCost.Set*/FreeAttackPower/CorruptionPower 等内部 ID 可定位；仍需目标范围、持续时间、后续可打价值 typed 化。 || effect_profile_granularity_gap: 已有 upgrade_card/exhaust_other/transform_card/AddGeneratedCardToCombat 等粗粒度内部 ID，但缺 zone/scope/filter/duration/destination/modifier/count 参数；不能靠描述文本正则补主路径。 || exhaust_other_or_hand: CardCmd.Exhaust 内部命令可定位；但选择目标/全手牌/随机目标需要 typed hand transition。 || random_or_choose: 随机/三选一结果不是确定 transition；模型能看到但缺分布式结果 profile。
CARD.ANOINTED,天选,colorless,Rare,Skill,Self,1,gap,add_or_generate_card|card_modifier_or_enchantment|draw|effect_profile_granularity_gap|exhaust_other_or_hand|exhaust_self|pile_fetch_reorder|retain|whole_hand_state,draw|exhaust_self|retain,add_or_generate_card|card_modifier_or_enchantment|exhaust_other_or_hand|pile_fetch_reorder|whole_hand_state,effect_profile_granularity_gap,Exhaust,add_to_hand|exhaust_self,{},"{""adds_keyword_or_modifier"": true, ""catalog_id"": ""anointed"", ""class_name"": ""Anointed"", ""commands"": [""Add""], ""creates_clone"": false, ""creates_specific_card"": false, ""dynamic_vars"": [], ""powers"": [], ""sets_energy_cost"": false, ""sets_replay"": false, ""source_available"": true, ""source_path"": ""src/Core/Models/Cards/Anointed.cs"", ""tags"": [""exhaust"", ""rare"", ""retain"", ""self_target"", ""skill""], ""uses_card_select_from_hand"": false, ""uses_discard_pile"": false, ""uses_draw_pile"": true, ""uses_exhaust_pile"": false, ""uses_hand_pile"": true, ""uses_top_of_pile"": false, ""uses_upgrade_select_from_hand"": false}","将你抽牌堆中的所有稀有牌放入你的手牌。
消耗。","[{""upgrade"": 1, ""description"": ""保留。\n将你抽牌堆中的所有稀有牌放入你的手牌。\n消耗。"", ""semanticTags"": [""add_to_hand"", ""exhaust_self"", ""retain""], ""semanticSignals"": {}}]",add_or_generate_card: 生成牌/加手牌可由 AddGeneratedCardToCombat 等内部命令定位，但生成池、费用和本回合免费等还需要更强 typed profile。 || card_modifier_or_enchantment: 已有 runtime 附魔/腐化/重放解析；但“给另一张牌添加附魔”的预效果仍需 typed 化。 || effect_profile_granularity_gap: 已有 upgrade_card/exhaust_other/transform_card/AddGeneratedCardToCombat 等粗粒度内部 ID，但缺 zone/scope/filter/duration/destination/modifier/count 参数；不能靠描述文本正则补主路径。 || exhaust_other_or_hand: CardCmd.Exhaust 内部命令可定位；但选择目标/全手牌/随机目标需要 typed hand transition。 || pile_fetch_reorder: 抽牌堆/弃牌堆/牌堆顶部信息可被注意力看到，也能从 PileType/CardPileCmd 内部调用定位；动作的 pile transition 仍不够结构化。 || whole_hand_state: 可从 PileType.Hand + Upgrade/Transform/Exhaust/EnergyCost 等内部访问定位；仍需显式 hand-state transition。
CARD.BEAT_DOWN,狠揍,colorless,Rare,Skill,RandomEnemy,3,gap,discard_pile_dependency|draw|effect_profile_granularity_gap|multi_hit_or_aoe|pile_fetch_reorder|play_top_or_autoplay|random_or_choose,draw|multi_hit_or_aoe,discard_pile_dependency|pile_fetch_reorder|play_top_or_autoplay|random_or_choose,effect_profile_granularity_gap,,random,{},"{""adds_keyword_or_modifier"": false, ""catalog_id"": ""beat_down"", ""class_name"": ""BeatDown"", ""commands"": [""AutoPlay""], ""creates_clone"": false, ""creates_specific_card"": false, ""dynamic_vars"": [""CardsVar""], ""powers"": [], ""sets_energy_cost"": false, ""sets_replay"": false, ""source_available"": true, ""source_path"": ""src/Core/Models/Cards/BeatDown.cs"", ""tags"": [""draw"", ""random_target"", ""rare"", ""skill"", ""unplayable""], ""uses_card_select_from_hand"": false, ""uses_discard_pile"": true, ""uses_draw_pile"": false, ""uses_exhaust_pile"": false, ""uses_hand_pile"": false, ""uses_top_of_pile"": false, ""uses_upgrade_select_from_hand"": false}",打出你弃牌堆中的3张随机攻击牌。,"[{""upgrade"": 1, ""description"": ""打出你弃牌堆中的4张随机攻击牌。"", ""semanticTags"": [""random""], ""semanticSignals"": {}}]",discard_pile_dependency: 弃牌堆取回/置顶可由注意力学，但缺显式 action->pile delta。 || effect_profile_granularity_gap: 已有 upgrade_card/exhaust_other/transform_card/AddGeneratedCardToCombat 等粗粒度内部 ID，但缺 zone/scope/filter/duration/destination/modifier/count 参数；不能靠描述文本正则补主路径。 || pile_fetch_reorder: 抽牌堆/弃牌堆/牌堆顶部信息可被注意力看到，也能从 PileType/CardPileCmd 内部调用定位；动作的 pile transition 仍不够结构化。 || play_top_or_autoplay: 破灭/倾泻/自动打出类可见，但缺打出目标、消耗去向、连锁结果的 typed lookahead。 || random_or_choose: 随机/三选一结果不是确定 transition；模型能看到但缺分布式结果 profile。
CARD.HIDDEN_GEM,未掘宝石,colorless,Rare,Skill,Self,1,gap,add_or_generate_card|card_modifier_or_enchantment|draw|effect_profile_granularity_gap|next_card_modifier|pile_fetch_reorder|random_or_choose,draw,add_or_generate_card|card_modifier_or_enchantment|next_card_modifier|pile_fetch_reorder|random_or_choose,effect_profile_granularity_gap,,random,{},"{""adds_keyword_or_modifier"": false, ""catalog_id"": ""hidden_gem"", ""class_name"": ""HiddenGem"", ""commands"": [""Preview""], ""creates_clone"": false, ""creates_specific_card"": false, ""dynamic_vars"": [""IntVar""], ""powers"": [], ""sets_energy_cost"": false, ""sets_replay"": true, ""source_available"": true, ""source_path"": ""src/Core/Models/Cards/HiddenGem.cs"", ""tags"": [""rare"", ""self_target"", ""skill"", ""unplayable""], ""uses_card_select_from_hand"": false, ""uses_discard_pile"": false, ""uses_draw_pile"": true, ""uses_exhaust_pile"": false, ""uses_hand_pile"": false, ""uses_top_of_pile"": false, ""uses_upgrade_select_from_hand"": false}",你抽牌堆中的一张没有重放的随机牌获得2层重放。,"[{""upgrade"": 1, ""description"": ""你抽牌堆中的一张没有重放的随机牌获得3层重放。"", ""semanticTags"": [""random""], ""semanticSignals"": {}}]",add_or_generate_card: 生成牌/加手牌可由 AddGeneratedCardToCombat 等内部命令定位，但生成池、费用和本回合免费等还需要更强 typed profile。 || card_modifier_or_enchantment: 已有 runtime 附魔/腐化/重放解析；但“给另一张牌添加附魔”的预效果仍需 typed 化。 || effect_profile_granularity_gap: 已有 upgrade_card/exhaust_other/transform_card/AddGeneratedCardToCombat 等粗粒度内部 ID，但缺 zone/scope/filter/duration/destination/modifier/count 参数；不能靠描述文本正则补主路径。 || next_card_modifier: FreeAttackPower、Replay、EnergyCost 等内部 ID 可定位；下一张攻击/重放/免费等仍需要跨动作 memory 与 next-action effect profile。 || pile_fetch_reorder: 抽牌堆/弃牌堆/牌堆顶部信息可被注意力看到，也能从 PileType/CardPileCmd 内部调用定位；动作的 pile transition 仍不够结构化。 || random_or_choose: 随机/三选一结果不是确定 transition；模型能看到但缺分布式结果 profile。
CARD.MASTER_OF_STRATEGY,战略大师,colorless,Rare,Skill,Self,0,covered,draw|exhaust_self,draw|exhaust_self,,,Exhaust,draw|exhaust_self,"{""draw"": 3}","{""adds_keyword_or_modifier"": false, ""catalog_id"": ""master_of_strategy"", ""class_name"": ""MasterOfStrategy"", ""commands"": [""Draw""], ""creates_clone"": false, ""creates_specific_card"": false, ""dynamic_vars"": [""CardsVar""], ""powers"": [], ""sets_energy_cost"": false, ""sets_replay"": false, ""source_available"": true, ""source_path"": ""src/Core/Models/Cards/MasterOfStrategy.cs"", ""tags"": [""draw"", ""exhaust"", ""rare"", ""self_target"", ""skill""], ""uses_card_select_from_hand"": false, ""uses_discard_pile"": false, ""uses_draw_pile"": false, ""uses_exhaust_pile"": false, ""uses_hand_pile"": false, ""uses_top_of_pile"": false, ""uses_upgrade_select_from_hand"": false}","抽3张牌。
消耗。","[{""upgrade"": 1, ""description"": ""抽4张牌。\n消耗。"", ""semanticTags"": [""draw"", ""exhaust_self""], ""semanticSignals"": {""draw"": 4}}]",
CARD.MIMIC,拟态,colorless,Rare,Skill,AnyAlly,1,covered,block|exhaust_self,block|exhaust_self,,,Exhaust,exhaust_self,{},"{""adds_keyword_or_modifier"": false, ""catalog_id"": ""mimic"", ""class_name"": ""Mimic"", ""commands"": [], ""creates_clone"": false, ""creates_specific_card"": false, ""dynamic_vars"": [""CalculatedBlockVar"", ""CalculationBaseVar"", ""CalculationExtraVar"", ""DynamicVar""], ""powers"": [], ""sets_energy_cost"": false, ""sets_replay"": false, ""source_available"": true, ""source_path"": ""src/Core/Models/Cards/Mimic.cs"", ""tags"": [""block"", ""exhaust"", ""rare"", ""skill""], ""uses_card_select_from_hand"": false, ""uses_discard_pile"": false, ""uses_draw_pile"": false, ""uses_exhaust_pile"": false, ""uses_hand_pile"": false, ""uses_top_of_pile"": false, ""uses_upgrade_select_from_hand"": false}","获得等同于另一位玩家格挡值的格挡。
消耗。","[{""upgrade"": 1, ""description"": ""获得等同于另一位玩家格挡值的格挡。"", ""semanticTags"": [], ""semanticSignals"": {}}]",
CARD.RALLY,集结,colorless,Rare,Skill,AllAllies,2,covered,block,block,,,,block,"{""block"": 12}","{""adds_keyword_or_modifier"": false, ""catalog_id"": ""rally"", ""class_name"": ""Rally"", ""commands"": [], ""creates_clone"": false, ""creates_specific_card"": false, ""dynamic_vars"": [""BlockVar""], ""powers"": [], ""sets_energy_cost"": false, ""sets_replay"": false, ""source_available"": true, ""source_path"": ""src/Core/Models/Cards/Rally.cs"", ""tags"": [""block"", ""rare"", ""skill""], ""uses_card_select_from_hand"": false, ""uses_discard_pile"": false, ""uses_draw_pile"": false, ""uses_exhaust_pile"": false, ""uses_hand_pile"": false, ""uses_top_of_pile"": false, ""uses_upgrade_select_from_hand"": false}",所有玩家获得12点格挡。,"[{""upgrade"": 1, ""description"": ""所有玩家获得17点格挡。"", ""semanticTags"": [""block""], ""semanticSignals"": {""block"": 17}}]",
CARD.SCRAWL,潦草急就,colorless,Rare,Skill,Self,1,gap,card_modifier_or_enchantment|draw|effect_profile_granularity_gap|exhaust_other_or_hand|exhaust_self|retain,draw|exhaust_self|retain,card_modifier_or_enchantment|exhaust_other_or_hand,effect_profile_granularity_gap,Exhaust,exhaust_self,{},"{""adds_keyword_or_modifier"": true, ""catalog_id"": ""scrawl"", ""class_name"": ""Scrawl"", ""commands"": [""Draw""], ""creates_clone"": false, ""creates_specific_card"": false, ""dynamic_vars"": [], ""powers"": [], ""sets_energy_cost"": false, ""sets_replay"": false, ""source_available"": true, ""source_path"": ""src/Core/Models/Cards/Scrawl.cs"", ""tags"": [""draw"", ""exhaust"", ""rare"", ""retain"", ""self_target"", ""skill""], ""uses_card_select_from_hand"": false, ""uses_discard_pile"": false, ""uses_draw_pile"": false, ""uses_exhaust_pile"": false, ""uses_hand_pile"": false, ""uses_top_of_pile"": false, ""uses_upgrade_select_from_hand"": false}","抽牌直到抽满手牌。
消耗。","[{""upgrade"": 1, ""description"": ""保留。\n抽牌直到抽满手牌。\n消耗。"", ""semanticTags"": [""exhaust_self"", ""retain""], ""semanticSignals"": {}}]",card_modifier_or_enchantment: 已有 runtime 附魔/腐化/重放解析；但“给另一张牌添加附魔”的预效果仍需 typed 化。 || effect_profile_granularity_gap: 已有 upgrade_card/exhaust_other/transform_card/AddGeneratedCardToCombat 等粗粒度内部 ID，但缺 zone/scope/filter/duration/destination/modifier/count 参数；不能靠描述文本正则补主路径。 || exhaust_other_or_hand: CardCmd.Exhaust 内部命令可定位；但选择目标/全手牌/随机目标需要 typed hand transition。
CARD.SECRET_TECHNIQUE,秘密技法,colorless,Rare,Skill,Self,0,gap,add_or_generate_card|draw|effect_profile_granularity_gap|exhaust_other_or_hand|exhaust_self|pile_fetch_reorder|random_or_choose|whole_hand_state,draw|exhaust_self,add_or_generate_card|exhaust_other_or_hand|pile_fetch_reorder|random_or_choose|whole_hand_state,effect_profile_granularity_gap,Exhaust,add_to_hand|exhaust_self,{},"{""adds_keyword_or_modifier"": false, ""catalog_id"": ""secret_technique"", ""class_name"": ""SecretTechnique"", ""commands"": [""Add""], ""creates_clone"": false, ""creates_specific_card"": false, ""dynamic_vars"": [], ""powers"": [], ""sets_energy_cost"": false, ""sets_replay"": false, ""source_available"": true, ""source_path"": ""src/Core/Models/Cards/SecretTechnique.cs"", ""tags"": [""exhaust"", ""rare"", ""self_target"", ""skill""], ""uses_card_select_from_hand"": false, ""uses_discard_pile"": false, ""uses_draw_pile"": true, ""uses_exhaust_pile"": false, ""uses_hand_pile"": true, ""uses_top_of_pile"": false, ""uses_upgrade_select_from_hand"": false}","从抽牌堆中选择一张技能牌放入你的手牌。
消耗。","[{""upgrade"": 1, ""description"": ""从抽牌堆中选择一张技能牌放入你的手牌。"", ""semanticTags"": [""add_to_hand""], ""semanticSignals"": {}}]",add_or_generate_card: 生成牌/加手牌可由 AddGeneratedCardToCombat 等内部命令定位，但生成池、费用和本回合免费等还需要更强 typed profile。 || effect_profile_granularity_gap: 已有 upgrade_card/exhaust_other/transform_card/AddGeneratedCardToCombat 等粗粒度内部 ID，但缺 zone/scope/filter/duration/destination/modifier/count 参数；不能靠描述文本正则补主路径。 || exhaust_other_or_hand: CardCmd.Exhaust 内部命令可定位；但选择目标/全手牌/随机目标需要 typed hand transition。 || pile_fetch_reorder: 抽牌堆/弃牌堆/牌堆顶部信息可被注意力看到，也能从 PileType/CardPileCmd 内部调用定位；动作的 pile transition 仍不够结构化。 || random_or_choose: 随机/三选一结果不是确定 transition；模型能看到但缺分布式结果 profile。 || whole_hand_state: 可从 PileType.Hand + Upgrade/Transform/Exhaust/EnergyCost 等内部访问定位；仍需显式 hand-state transition。
CARD.SECRET_WEAPON,秘密武器,colorless,Rare,Skill,Self,0,gap,add_or_generate_card|draw|effect_profile_granularity_gap|exhaust_other_or_hand|exhaust_self|pile_fetch_reorder|random_or_choose|whole_hand_state,draw|exhaust_self,add_or_generate_card|exhaust_other_or_hand|pile_fetch_reorder|random_or_choose|whole_hand_state,effect_profile_granularity_gap,Exhaust,add_to_hand|exhaust_self,{},"{""adds_keyword_or_modifier"": false, ""catalog_id"": ""secret_weapon"", ""class_name"": ""SecretWeapon"", ""commands"": [""Add""], ""creates_clone"": false, ""creates_specific_card"": false, ""dynamic_vars"": [], ""powers"": [], ""sets_energy_cost"": false, ""sets_replay"": false, ""source_available"": true, ""source_path"": ""src/Core/Models/Cards/SecretWeapon.cs"", ""tags"": [""exhaust"", ""rare"", ""self_target"", ""skill""], ""uses_card_select_from_hand"": false, ""uses_discard_pile"": false, ""uses_draw_pile"": true, ""uses_exhaust_pile"": false, ""uses_hand_pile"": true, ""uses_top_of_pile"": false, ""uses_upgrade_select_from_hand"": false}","从抽牌堆中选择一张攻击牌放入你的手牌。
消耗。","[{""upgrade"": 1, ""description"": ""从抽牌堆中选择一张攻击牌放入你的手牌。"", ""semanticTags"": [""add_to_hand""], ""semanticSignals"": {}}]",add_or_generate_card: 生成牌/加手牌可由 AddGeneratedCardToCombat 等内部命令定位，但生成池、费用和本回合免费等还需要更强 typed profile。 || effect_profile_granularity_gap: 已有 upgrade_card/exhaust_other/transform_card/AddGeneratedCardToCombat 等粗粒度内部 ID，但缺 zone/scope/filter/duration/destination/modifier/count 参数；不能靠描述文本正则补主路径。 || exhaust_other_or_hand: CardCmd.Exhaust 内部命令可定位；但选择目标/全手牌/随机目标需要 typed hand transition。 || pile_fetch_reorder: 抽牌堆/弃牌堆/牌堆顶部信息可被注意力看到，也能从 PileType/CardPileCmd 内部调用定位；动作的 pile transition 仍不够结构化。 || random_or_choose: 随机/三选一结果不是确定 transition；模型能看到但缺分布式结果 profile。 || whole_hand_state: 可从 PileType.Hand + Upgrade/Transform/Exhaust/EnergyCost 等内部访问定位；仍需显式 hand-state transition。
CARD.THE_GAMBIT,孤注一掷,colorless,Rare,Skill,Self,0,partial,block|global_rule_power|hp_or_self_cost,block|hp_or_self_cost,global_rule_power,,,block|hp_loss,"{""block"": 50}","{""adds_keyword_or_modifier"": false, ""catalog_id"": ""the_gambit"", ""class_name"": ""TheGambit"", ""commands"": [""Apply""], ""creates_clone"": false, ""creates_specific_card"": false, ""dynamic_vars"": [""BlockVar""], ""powers"": [""TheGambitPower""], ""sets_energy_cost"": false, ""sets_replay"": false, ""source_available"": true, ""source_path"": ""src/Core/Models/Cards/TheGambit.cs"", ""tags"": [""block"", ""rare"", ""self_target"", ""skill""], ""uses_card_select_from_hand"": false, ""uses_discard_pile"": false, ""uses_draw_pile"": false, ""uses_exhaust_pile"": false, ""uses_hand_pile"": false, ""uses_top_of_pile"": false, ""uses_upgrade_select_from_hand"": false}","获得50点格挡。
如果你在本场战斗中受到未被格挡的伤害，则立刻死亡。","[{""upgrade"": 1, ""description"": ""获得75点格挡。\n如果你在本场战斗中受到未被格挡的伤害，则立刻死亡。"", ""semanticTags"": [""block"", ""hp_loss""], ""semanticSignals"": {""block"": 75}}]",global_rule_power: 腐化/黑暗之拥/怀旧等会改写未来规则；可见但最好变成 rule-transition token。
CARD.BECKON,呼唤,colorless,Status,Status,None,1,gap,hp_or_self_cost|status_or_curse_penalty_gap|turn_or_delayed_rule,hp_or_self_cost,turn_or_delayed_rule,status_or_curse_penalty_gap,,hp_loss,"{""hpLoss"": 6}","{""adds_keyword_or_modifier"": false, ""catalog_id"": ""beckon"", ""class_name"": ""Beckon"", ""commands"": [], ""creates_clone"": false, ""creates_specific_card"": false, ""dynamic_vars"": [""HpLossVar""], ""powers"": [], ""sets_energy_cost"": false, ""sets_replay"": false, ""source_available"": true, ""source_path"": ""src/Core/Models/Cards/Beckon.cs"", ""tags"": [""hp_loss"", ""status""], ""uses_card_select_from_hand"": false, ""uses_discard_pile"": false, ""uses_draw_pile"": false, ""uses_exhaust_pile"": false, ""uses_hand_pile"": false, ""uses_top_of_pile"": false, ""uses_upgrade_select_from_hand"": false}","在你的回合结束时，如果这张牌在你的手牌中，
则失去6点生命。",[],status_or_curse_penalty_gap: 灼伤/遗憾/虚空/普通/懒惰等抽到/回合末/出牌限制惩罚缺统一触发器 profile。 || turn_or_delayed_rule: 本回合/下回合/每当/回合开始类规则可见但还不是统一 temporal rule token。
CARD.BURN,灼伤,colorless,Status,Status,None,,gap,damage|hard_rule_constraint_gap|hp_or_self_cost|status_or_curse_penalty_gap|turn_or_delayed_rule,damage|hp_or_self_cost,turn_or_delayed_rule,hard_rule_constraint_gap|status_or_curse_penalty_gap,Unplayable,hp_loss|unplayable,"{""hpLoss"": 2}","{""adds_keyword_or_modifier"": false, ""catalog_id"": ""burn"", ""class_name"": ""Burn"", ""commands"": [], ""creates_clone"": false, ""creates_specific_card"": false, ""dynamic_vars"": [""DamageVar""], ""powers"": [], ""sets_energy_cost"": false, ""sets_replay"": false, ""source_available"": true, ""source_path"": ""src/Core/Models/Cards/Burn.cs"", ""tags"": [""damage"", ""status"", ""unplayable""], ""uses_card_select_from_hand"": false, ""uses_discard_pile"": false, ""uses_draw_pile"": false, ""uses_exhaust_pile"": false, ""uses_hand_pile"": false, ""uses_top_of_pile"": false, ""uses_upgrade_select_from_hand"": false}","不能被打出。
在你的回合结束时，如果这张牌在你的手牌中，你受到2点伤害。",[],hard_rule_constraint_gap: 不能打出、必须优先、出牌数限制等硬规则缺 typed constraint token/metric。 || status_or_curse_penalty_gap: 灼伤/遗憾/虚空/普通/懒惰等抽到/回合末/出牌限制惩罚缺统一触发器 profile。 || turn_or_delayed_rule: 本回合/下回合/每当/回合开始类规则可见但还不是统一 temporal rule token。
CARD.DAZED,晕眩,colorless,Status,Status,None,,gap,card_modifier_or_enchantment|effect_profile_granularity_gap|ethereal|hard_rule_constraint_gap|status_or_curse_penalty_gap,ethereal,card_modifier_or_enchantment,effect_profile_granularity_gap|hard_rule_constraint_gap|status_or_curse_penalty_gap,Ethereal|Unplayable,ethereal|unplayable,{},"{""adds_keyword_or_modifier"": false, ""catalog_id"": ""dazed"", ""class_name"": ""Dazed"", ""commands"": [], ""creates_clone"": false, ""creates_specific_card"": false, ""dynamic_vars"": [], ""powers"": [], ""sets_energy_cost"": false, ""sets_replay"": false, ""source_available"": true, ""source_path"": ""src/Core/Models/Cards/Dazed.cs"", ""tags"": [""ethereal"", ""status"", ""unplayable""], ""uses_card_select_from_hand"": false, ""uses_discard_pile"": false, ""uses_draw_pile"": false, ""uses_exhaust_pile"": false, ""uses_hand_pile"": false, ""uses_top_of_pile"": false, ""uses_upgrade_select_from_hand"": false}","不能被打出。
虚无。",[],card_modifier_or_enchantment: 已有 runtime 附魔/腐化/重放解析；但“给另一张牌添加附魔”的预效果仍需 typed 化。 || effect_profile_granularity_gap: 已有 upgrade_card/exhaust_other/transform_card/AddGeneratedCardToCombat 等粗粒度内部 ID，但缺 zone/scope/filter/duration/destination/modifier/count 参数；不能靠描述文本正则补主路径。 || hard_rule_constraint_gap: 不能打出、必须优先、出牌数限制等硬规则缺 typed constraint token/metric。 || status_or_curse_penalty_gap: 灼伤/遗憾/虚空/普通/懒惰等抽到/回合末/出牌限制惩罚缺统一触发器 profile。
CARD.DEBRIS,碎屑,colorless,Status,Status,None,1,gap,exhaust_self|status_or_curse_penalty_gap,exhaust_self,,status_or_curse_penalty_gap,Exhaust,exhaust_self,{},"{""adds_keyword_or_modifier"": false, ""catalog_id"": ""debris"", ""class_name"": ""Debris"", ""commands"": [], ""creates_clone"": false, ""creates_specific_card"": false, ""dynamic_vars"": [], ""powers"": [], ""sets_energy_cost"": false, ""sets_replay"": false, ""source_available"": true, ""source_path"": ""src/Core/Models/Cards/Debris.cs"", ""tags"": [""exhaust"", ""status""], ""uses_card_select_from_hand"": false, ""uses_discard_pile"": false, ""uses_draw_pile"": false, ""uses_exhaust_pile"": false, ""uses_hand_pile"": false, ""uses_top_of_pile"": false, ""uses_upgrade_select_from_hand"": false}",消耗。,[],status_or_curse_penalty_gap: 灼伤/遗憾/虚空/普通/懒惰等抽到/回合末/出牌限制惩罚缺统一触发器 profile。
CARD.DEPRECATED_CARD,弃用卡牌,colorless,Status,Status,None,0,gap,draw|effect_profile_granularity_gap|exhaust_other_or_hand|exhaust_self|remove_card|status_or_curse_penalty_gap,draw|exhaust_self,exhaust_other_or_hand|remove_card,effect_profile_granularity_gap|status_or_curse_penalty_gap,Exhaust,draw|exhaust_self|remove_card,"{""draw"": 1}","{""adds_keyword_or_modifier"": false, ""catalog_id"": ""deprecated_card"", ""class_name"": ""DeprecatedCard"", ""commands"": [], ""creates_clone"": false, ""creates_specific_card"": false, ""dynamic_vars"": [], ""powers"": [], ""sets_energy_cost"": false, ""sets_replay"": false, ""source_available"": true, ""source_path"": ""src/Core/Models/Cards/DeprecatedCard.cs"", ""tags"": [""unplayable""], ""uses_card_select_from_hand"": false, ""uses_discard_pile"": false, ""uses_draw_pile"": false, ""uses_exhaust_pile"": false, ""uses_hand_pile"": false, ""uses_top_of_pile"": false, ""uses_upgrade_select_from_hand"": false}","这张卡牌在近期的一次更新中被移除。
抽1张牌。
将这张牌从你的牌组中移除。
消耗。",[],effect_profile_granularity_gap: 已有 upgrade_card/exhaust_other/transform_card/AddGeneratedCardToCombat 等粗粒度内部 ID，但缺 zone/scope/filter/duration/destination/modifier/count 参数；不能靠描述文本正则补主路径。 || exhaust_other_or_hand: CardCmd.Exhaust 内部命令可定位；但选择目标/全手牌/随机目标需要 typed hand transition。 || remove_card: 删除/移除类对长期 deck 影响可见但缺统一 deck delta profile。 || status_or_curse_penalty_gap: 灼伤/遗憾/虚空/普通/懒惰等抽到/回合末/出牌限制惩罚缺统一触发器 profile。
CARD.DISINTEGRATION,瓦解,colorless,Status,Status,None,,gap,global_rule_power|hp_or_self_cost|status_or_curse_penalty_gap|turn_or_delayed_rule,hp_or_self_cost,global_rule_power|turn_or_delayed_rule,status_or_curse_penalty_gap,,hp_loss,"{""hpLoss"": 6}","{""adds_keyword_or_modifier"": false, ""catalog_id"": ""disintegration"", ""class_name"": ""Disintegration"", ""commands"": [""Apply""], ""creates_clone"": false, ""creates_specific_card"": false, ""dynamic_vars"": [""PowerVar""], ""powers"": [""DisintegrationPower""], ""sets_energy_cost"": false, ""sets_replay"": false, ""source_available"": true, ""source_path"": ""src/Core/Models/Cards/Disintegration.cs"", ""tags"": [""status""], ""uses_card_select_from_hand"": false, ""uses_discard_pile"": false, ""uses_draw_pile"": false, ""uses_exhaust_pile"": false, ""uses_hand_pile"": false, ""uses_top_of_pile"": false, ""uses_upgrade_select_from_hand"": false}",在你的回合结束时，受到6点伤害。,[],global_rule_power: 腐化/黑暗之拥/怀旧等会改写未来规则；可见但最好变成 rule-transition token。 || status_or_curse_penalty_gap: 灼伤/遗憾/虚空/普通/懒惰等抽到/回合末/出牌限制惩罚缺统一触发器 profile。 || turn_or_delayed_rule: 本回合/下回合/每当/回合开始类规则可见但还不是统一 temporal rule token。
CARD.FRANTIC_ESCAPE,狂乱逃离,colorless,Status,Status,Self,1,gap,global_rule_power|status_or_curse_penalty_gap,,global_rule_power,status_or_curse_penalty_gap,,,{},"{""adds_keyword_or_modifier"": false, ""catalog_id"": ""frantic_escape"", ""class_name"": ""FranticEscape"", ""commands"": [""ModifyAmount""], ""creates_clone"": false, ""creates_specific_card"": false, ""dynamic_vars"": [], ""powers"": [""SandpitPower""], ""sets_energy_cost"": false, ""sets_replay"": false, ""source_available"": true, ""source_path"": ""src/Core/Models/Cards/FranticEscape.cs"", ""tags"": [""self_target"", ""status""], ""uses_card_select_from_hand"": false, ""uses_discard_pile"": false, ""uses_draw_pile"": false, ""uses_exhaust_pile"": false, ""uses_hand_pile"": false, ""uses_top_of_pile"": false, ""uses_upgrade_select_from_hand"": false}","远离。
将沙坑的计数加1。
这张牌的耗能加1。",[],global_rule_power: 腐化/黑暗之拥/怀旧等会改写未来规则；可见但最好变成 rule-transition token。 || status_or_curse_penalty_gap: 灼伤/遗憾/虚空/普通/懒惰等抽到/回合末/出牌限制惩罚缺统一触发器 profile。
CARD.INFECTION,感染,colorless,Status,Status,None,,gap,damage|hard_rule_constraint_gap|hp_or_self_cost|status_or_curse_penalty_gap|turn_or_delayed_rule,damage|hp_or_self_cost,turn_or_delayed_rule,hard_rule_constraint_gap|status_or_curse_penalty_gap,Unplayable,hp_loss|unplayable,"{""hpLoss"": 3}","{""adds_keyword_or_modifier"": false, ""catalog_id"": ""infection"", ""class_name"": ""Infection"", ""commands"": [], ""creates_clone"": false, ""creates_specific_card"": false, ""dynamic_vars"": [""DamageVar""], ""powers"": [], ""sets_energy_cost"": false, ""sets_replay"": false, ""source_available"": true, ""source_path"": ""src/Core/Models/Cards/Infection.cs"", ""tags"": [""damage"", ""status"", ""unplayable""], ""uses_card_select_from_hand"": false, ""uses_discard_pile"": false, ""uses_draw_pile"": false, ""uses_exhaust_pile"": false, ""uses_hand_pile"": false, ""uses_top_of_pile"": false, ""uses_upgrade_select_from_hand"": false}","不能被打出。
在你的回合结束时，如果这张牌在你的手牌中，则受到3点伤害。",[],hard_rule_constraint_gap: 不能打出、必须优先、出牌数限制等硬规则缺 typed constraint token/metric。 || status_or_curse_penalty_gap: 灼伤/遗憾/虚空/普通/懒惰等抽到/回合末/出牌限制惩罚缺统一触发器 profile。 || turn_or_delayed_rule: 本回合/下回合/每当/回合开始类规则可见但还不是统一 temporal rule token。
CARD.MIND_ROT,心灵腐化,colorless,Status,Status,None,,gap,draw|global_rule_power|status_or_curse_penalty_gap,draw,global_rule_power,status_or_curse_penalty_gap,,draw,"{""draw"": 1}","{""adds_keyword_or_modifier"": false, ""catalog_id"": ""mind_rot"", ""class_name"": ""MindRot"", ""commands"": [""Apply""], ""creates_clone"": false, ""creates_specific_card"": false, ""dynamic_vars"": [""PowerVar""], ""powers"": [""MindRotPower""], ""sets_energy_cost"": false, ""sets_replay"": false, ""source_available"": true, ""source_path"": ""src/Core/Models/Cards/MindRot.cs"", ""tags"": [""status""], ""uses_card_select_from_hand"": false, ""uses_discard_pile"": false, ""uses_draw_pile"": false, ""uses_exhaust_pile"": false, ""uses_hand_pile"": false, ""uses_top_of_pile"": false, ""uses_upgrade_select_from_hand"": false}",每回合少抽1张牌。,[],global_rule_power: 腐化/黑暗之拥/怀旧等会改写未来规则；可见但最好变成 rule-transition token。 || status_or_curse_penalty_gap: 灼伤/遗憾/虚空/普通/懒惰等抽到/回合末/出牌限制惩罚缺统一触发器 profile。
CARD.SLIMED,黏液,colorless,Status,Status,None,1,gap,draw|exhaust_self|status_or_curse_penalty_gap,draw|exhaust_self,,status_or_curse_penalty_gap,Exhaust,draw|exhaust_self,"{""draw"": 1}","{""adds_keyword_or_modifier"": false, ""catalog_id"": ""slimed"", ""class_name"": ""Slimed"", ""commands"": [""Draw""], ""creates_clone"": false, ""creates_specific_card"": false, ""dynamic_vars"": [""CardsVar""], ""powers"": [], ""sets_energy_cost"": false, ""sets_replay"": false, ""source_available"": true, ""source_path"": ""src/Core/Models/Cards/Slimed.cs"", ""tags"": [""draw"", ""exhaust"", ""status""], ""uses_card_select_from_hand"": false, ""uses_discard_pile"": false, ""uses_draw_pile"": false, ""uses_exhaust_pile"": false, ""uses_hand_pile"": false, ""uses_top_of_pile"": false, ""uses_upgrade_select_from_hand"": false}","抽1张牌。
消耗。",[],status_or_curse_penalty_gap: 灼伤/遗憾/虚空/普通/懒惰等抽到/回合末/出牌限制惩罚缺统一触发器 profile。
CARD.SLOTH,懒惰,colorless,Status,Status,None,,gap,global_rule_power|status_or_curse_penalty_gap,,global_rule_power,status_or_curse_penalty_gap,,,{},"{""adds_keyword_or_modifier"": false, ""catalog_id"": ""sloth"", ""class_name"": ""Sloth"", ""commands"": [""Apply""], ""creates_clone"": false, ""creates_specific_card"": false, ""dynamic_vars"": [""PowerVar""], ""powers"": [""SlothPower""], ""sets_energy_cost"": false, ""sets_replay"": false, ""source_available"": true, ""source_path"": ""src/Core/Models/Cards/Sloth.cs"", ""tags"": [""status""], ""uses_card_select_from_hand"": false, ""uses_discard_pile"": false, ""uses_draw_pile"": false, ""uses_exhaust_pile"": false, ""uses_hand_pile"": false, ""uses_top_of_pile"": false, ""uses_upgrade_select_from_hand"": false}",你在每个回合不能打出超过3张牌。,[],global_rule_power: 腐化/黑暗之拥/怀旧等会改写未来规则；可见但最好变成 rule-transition token。 || status_or_curse_penalty_gap: 灼伤/遗憾/虚空/普通/懒惰等抽到/回合末/出牌限制惩罚缺统一触发器 profile。
CARD.SOOT,煤灰,colorless,Status,Status,None,,gap,hard_rule_constraint_gap|status_or_curse_penalty_gap,,,hard_rule_constraint_gap|status_or_curse_penalty_gap,Unplayable,unplayable,{},"{""adds_keyword_or_modifier"": false, ""catalog_id"": ""soot"", ""class_name"": ""Soot"", ""commands"": [], ""creates_clone"": false, ""creates_specific_card"": false, ""dynamic_vars"": [], ""powers"": [], ""sets_energy_cost"": false, ""sets_replay"": false, ""source_available"": true, ""source_path"": ""src/Core/Models/Cards/Soot.cs"", ""tags"": [""status"", ""unplayable""], ""uses_card_select_from_hand"": false, ""uses_discard_pile"": false, ""uses_draw_pile"": false, ""uses_exhaust_pile"": false, ""uses_hand_pile"": false, ""uses_top_of_pile"": false, ""uses_upgrade_select_from_hand"": false}",不能被打出。,[],hard_rule_constraint_gap: 不能打出、必须优先、出牌数限制等硬规则缺 typed constraint token/metric。 || status_or_curse_penalty_gap: 灼伤/遗憾/虚空/普通/懒惰等抽到/回合末/出牌限制惩罚缺统一触发器 profile。
CARD.TOXIC,毒素,colorless,Status,Status,None,1,gap,damage|exhaust_self|hp_or_self_cost|status_or_curse_penalty_gap|text_only_mechanism_warning|turn_or_delayed_rule,damage|exhaust_self|hp_or_self_cost,text_only_mechanism_warning|turn_or_delayed_rule,status_or_curse_penalty_gap,Exhaust,exhaust_self|hp_loss,"{""hpLoss"": 5}","{""adds_keyword_or_modifier"": false, ""catalog_id"": ""toxic"", ""class_name"": ""Toxic"", ""commands"": [], ""creates_clone"": false, ""creates_specific_card"": false, ""dynamic_vars"": [""DamageVar""], ""powers"": [], ""sets_energy_cost"": false, ""sets_replay"": false, ""source_available"": true, ""source_path"": ""src/Core/Models/Cards/Toxic.cs"", ""tags"": [""damage"", ""exhaust"", ""status""], ""uses_card_select_from_hand"": false, ""uses_discard_pile"": false, ""uses_draw_pile"": false, ""uses_exhaust_pile"": false, ""uses_hand_pile"": false, ""uses_top_of_pile"": false, ""uses_upgrade_select_from_hand"": false}","在你的回合结束时，这张牌在你的手牌中，则受到5点伤害。
消耗。",[],status_or_curse_penalty_gap: 灼伤/遗憾/虚空/普通/懒惰等抽到/回合末/出牌限制惩罚缺统一触发器 profile。 || text_only_mechanism_warning: 该机制目前只能从 description/canonicalText 可靠发现；这是离线审计告警，不应作为模型输入主路径。 || turn_or_delayed_rule: 本回合/下回合/每当/回合开始类规则可见但还不是统一 temporal rule token。
CARD.VOID,虚空,colorless,Status,Status,None,,gap,card_modifier_or_enchantment|draw|effect_profile_granularity_gap|ethereal|hard_rule_constraint_gap|hp_or_self_cost|status_or_curse_penalty_gap|turn_or_delayed_rule,draw|ethereal|hp_or_self_cost,card_modifier_or_enchantment|turn_or_delayed_rule,effect_profile_granularity_gap|hard_rule_constraint_gap|status_or_curse_penalty_gap,Ethereal|Unplayable,ethereal|unplayable,{},"{""adds_keyword_or_modifier"": false, ""catalog_id"": ""void"", ""class_name"": ""Void"", ""commands"": [""LoseEnergy""], ""creates_clone"": false, ""creates_specific_card"": false, ""dynamic_vars"": [""EnergyVar""], ""powers"": [], ""sets_energy_cost"": false, ""sets_replay"": false, ""source_available"": true, ""source_path"": ""src/Core/Models/Cards/Void.cs"", ""tags"": [""energy_gen"", ""ethereal"", ""status"", ""unplayable""], ""uses_card_select_from_hand"": false, ""uses_discard_pile"": false, ""uses_draw_pile"": false, ""uses_exhaust_pile"": false, ""uses_hand_pile"": false, ""uses_top_of_pile"": false, ""uses_upgrade_select_from_hand"": false}","不能被打出。
虚无。
每当你抽到这张牌时，失去1点能量。",[],card_modifier_or_enchantment: 已有 runtime 附魔/腐化/重放解析；但“给另一张牌添加附魔”的预效果仍需 typed 化。 || effect_profile_granularity_gap: 已有 upgrade_card/exhaust_other/transform_card/AddGeneratedCardToCombat 等粗粒度内部 ID，但缺 zone/scope/filter/duration/destination/modifier/count 参数；不能靠描述文本正则补主路径。 || hard_rule_constraint_gap: 不能打出、必须优先、出牌数限制等硬规则缺 typed constraint token/metric。 || status_or_curse_penalty_gap: 灼伤/遗憾/虚空/普通/懒惰等抽到/回合末/出牌限制惩罚缺统一触发器 profile。 || turn_or_delayed_rule: 本回合/下回合/每当/回合开始类规则可见但还不是统一 temporal rule token。
CARD.WASTE_AWAY,衰朽,colorless,Status,Status,None,,gap,global_rule_power|hp_or_self_cost|status_or_curse_penalty_gap,hp_or_self_cost,global_rule_power,status_or_curse_penalty_gap,,,{},"{""adds_keyword_or_modifier"": false, ""catalog_id"": ""waste_away"", ""class_name"": ""WasteAway"", ""commands"": [""Apply""], ""creates_clone"": false, ""creates_specific_card"": false, ""dynamic_vars"": [""PowerVar""], ""powers"": [""WasteAwayPower""], ""sets_energy_cost"": false, ""sets_replay"": false, ""source_available"": true, ""source_path"": ""src/Core/Models/Cards/WasteAway.cs"", ""tags"": [""status""], ""uses_card_select_from_hand"": false, ""uses_discard_pile"": false, ""uses_draw_pile"": false, ""uses_exhaust_pile"": false, ""uses_hand_pile"": false, ""uses_top_of_pile"": false, ""uses_upgrade_select_from_hand"": false}",每回合失去1点1点能量。,[],global_rule_power: 腐化/黑暗之拥/怀旧等会改写未来规则；可见但最好变成 rule-transition token。 || status_or_curse_penalty_gap: 灼伤/遗憾/虚空/普通/懒惰等抽到/回合末/出牌限制惩罚缺统一触发器 profile。
CARD.WOUND,伤口,colorless,Status,Status,None,,gap,hard_rule_constraint_gap|status_or_curse_penalty_gap,,,hard_rule_constraint_gap|status_or_curse_penalty_gap,Unplayable,unplayable,{},"{""adds_keyword_or_modifier"": false, ""catalog_id"": ""wound"", ""class_name"": ""Wound"", ""commands"": [], ""creates_clone"": false, ""creates_specific_card"": false, ""dynamic_vars"": [], ""powers"": [], ""sets_energy_cost"": false, ""sets_replay"": false, ""source_available"": true, ""source_path"": ""src/Core/Models/Cards/Wound.cs"", ""tags"": [""status"", ""unplayable""], ""uses_card_select_from_hand"": false, ""uses_discard_pile"": false, ""uses_draw_pile"": false, ""uses_exhaust_pile"": false, ""uses_hand_pile"": false, ""uses_top_of_pile"": false, ""uses_upgrade_select_from_hand"": false}",不能被打出。,[],hard_rule_constraint_gap: 不能打出、必须优先、出牌数限制等硬规则缺 typed constraint token/metric。 || status_or_curse_penalty_gap: 灼伤/遗憾/虚空/普通/懒惰等抽到/回合末/出牌限制惩罚缺统一触发器 profile。
CARD.GIANT_ROCK,巨石,colorless,Token,Attack,AnyEnemy,1,covered,damage,damage,,,,damage,"{""damage"": 16}","{""adds_keyword_or_modifier"": false, ""catalog_id"": ""giant_rock"", ""class_name"": ""GiantRock"", ""commands"": [""Attack""], ""creates_clone"": false, ""creates_specific_card"": false, ""dynamic_vars"": [""DamageVar""], ""powers"": [], ""sets_energy_cost"": false, ""sets_replay"": false, ""source_available"": true, ""source_path"": ""src/Core/Models/Cards/GiantRock.cs"", ""tags"": [""attack"", ""damage"", ""single_target""], ""uses_card_select_from_hand"": false, ""uses_discard_pile"": false, ""uses_draw_pile"": false, ""uses_exhaust_pile"": false, ""uses_hand_pile"": false, ""uses_top_of_pile"": false, ""uses_upgrade_select_from_hand"": false}",造成16点伤害。,"[{""upgrade"": 1, ""description"": ""造成20点伤害。"", ""semanticTags"": [""damage""], ""semanticSignals"": {""damage"": 20}}]",
CARD.MINION_DIVE_BOMB,仆从俯冲,colorless,Token,Attack,AnyEnemy,0,covered,damage|exhaust_self,damage|exhaust_self,,,Exhaust,damage|exhaust_self,"{""damage"": 13}","{""adds_keyword_or_modifier"": false, ""catalog_id"": ""minion_dive_bomb"", ""class_name"": ""MinionDiveBomb"", ""commands"": [""Attack""], ""creates_clone"": false, ""creates_specific_card"": false, ""dynamic_vars"": [""DamageVar""], ""powers"": [], ""sets_energy_cost"": false, ""sets_replay"": false, ""source_available"": true, ""source_path"": ""src/Core/Models/Cards/MinionDiveBomb.cs"", ""tags"": [""attack"", ""damage"", ""exhaust"", ""minion_tag"", ""single_target""], ""uses_card_select_from_hand"": false, ""uses_discard_pile"": false, ""uses_draw_pile"": false, ""uses_exhaust_pile"": false, ""uses_hand_pile"": false, ""uses_top_of_pile"": false, ""uses_upgrade_select_from_hand"": false}","造成13点伤害。
消耗。","[{""upgrade"": 1, ""description"": ""造成16点伤害。\n消耗。"", ""semanticTags"": [""damage"", ""exhaust_self""], ""semanticSignals"": {""damage"": 16}}]",
CARD.MINION_STRIKE,仆从打击,colorless,Token,Attack,AnyEnemy,0,covered,damage|draw|exhaust_self,damage|draw|exhaust_self,,,Exhaust,damage|draw|exhaust_self,"{""damage"": 6, ""draw"": 1}","{""adds_keyword_or_modifier"": false, ""catalog_id"": ""minion_strike"", ""class_name"": ""MinionStrike"", ""commands"": [""Attack"", ""Draw""], ""creates_clone"": false, ""creates_specific_card"": false, ""dynamic_vars"": [""CardsVar"", ""DamageVar"", ""DynamicVar""], ""powers"": [], ""sets_energy_cost"": false, ""sets_replay"": false, ""source_available"": true, ""source_path"": ""src/Core/Models/Cards/MinionStrike.cs"", ""tags"": [""attack"", ""damage"", ""draw"", ""exhaust"", ""minion_tag"", ""single_target"", ""strike_tag""], ""uses_card_select_from_hand"": false, ""uses_discard_pile"": false, ""uses_draw_pile"": false, ""uses_exhaust_pile"": false, ""uses_hand_pile"": false, ""uses_top_of_pile"": false, ""uses_upgrade_select_from_hand"": false}","造成6点伤害。
抽1张牌。
消耗。","[{""upgrade"": 1, ""description"": ""造成9点伤害。\n抽1张牌。\n消耗。"", ""semanticTags"": [""damage"", ""draw"", ""exhaust_self""], ""semanticSignals"": {""damage"": 9, ""draw"": 1}}]",
CARD.SHIV,小刀,colorless,Token,Attack,AnyEnemy,0,gap,add_or_generate_card|damage|effect_profile_granularity_gap|exhaust_self,damage|exhaust_self,add_or_generate_card,effect_profile_granularity_gap,Exhaust,damage|exhaust_self,"{""damage"": 4}","{""adds_keyword_or_modifier"": false, ""catalog_id"": ""shiv"", ""class_name"": ""Shiv"", ""commands"": [""AddGeneratedCardsToCombat"", ""Attack""], ""creates_clone"": false, ""creates_specific_card"": true, ""dynamic_vars"": [""CalculatedVar"", ""CalculationBaseVar"", ""CalculationExtraVar"", ""DamageVar"", ""DynamicVar""], ""powers"": [], ""sets_energy_cost"": false, ""sets_replay"": false, ""source_available"": true, ""source_path"": ""src/Core/Models/Cards/Shiv.cs"", ""tags"": [""attack"", ""damage"", ""exhaust"", ""generate_card"", ""shiv_tag"", ""single_target""], ""uses_card_select_from_hand"": false, ""uses_discard_pile"": false, ""uses_draw_pile"": false, ""uses_exhaust_pile"": false, ""uses_hand_pile"": true, ""uses_top_of_pile"": false, ""uses_upgrade_select_from_hand"": false}","造成4点伤害。
消耗。","[{""upgrade"": 1, ""description"": ""造成6点伤害。\n消耗。"", ""semanticTags"": [""damage"", ""exhaust_self""], ""semanticSignals"": {""damage"": 6}}]",add_or_generate_card: 生成牌/加手牌可由 AddGeneratedCardToCombat 等内部命令定位，但生成池、费用和本回合免费等还需要更强 typed profile。 || effect_profile_granularity_gap: 已有 upgrade_card/exhaust_other/transform_card/AddGeneratedCardToCombat 等粗粒度内部 ID，但缺 zone/scope/filter/duration/destination/modifier/count 参数；不能靠描述文本正则补主路径。
CARD.SOVEREIGN_BLADE,君王之剑,colorless,Token,Attack,AnyEnemy,2,gap,cost_modify|damage|effect_profile_granularity_gap|exhaust_pile_dependency|retain,damage|retain,cost_modify|exhaust_pile_dependency,effect_profile_granularity_gap,Retain,damage|retain,"{""damage"": 10}","{""adds_keyword_or_modifier"": false, ""catalog_id"": ""sovereign_blade"", ""class_name"": ""SovereignBlade"", ""commands"": [""Attack""], ""creates_clone"": false, ""creates_specific_card"": false, ""dynamic_vars"": [""CalculatedVar"", ""CalculationBaseVar"", ""CalculationExtraVar"", ""DamageVar"", ""DynamicVar"", ""RepeatVar""], ""powers"": [], ""sets_energy_cost"": true, ""sets_replay"": false, ""source_available"": true, ""source_path"": ""src/Core/Models/Cards/SovereignBlade.cs"", ""tags"": [""attack"", ""damage"", ""multi_hit"", ""repeat"", ""retain"", ""single_target""], ""uses_card_select_from_hand"": false, ""uses_discard_pile"": false, ""uses_draw_pile"": false, ""uses_exhaust_pile"": true, ""uses_hand_pile"": false, ""uses_top_of_pile"": false, ""uses_upgrade_select_from_hand"": false}","保留。
造成10点伤害。","[{""upgrade"": 1, ""description"": ""保留。\n造成10点伤害。"", ""semanticTags"": [""damage"", ""retain""], ""semanticSignals"": {""damage"": 10}}]",cost_modify: EnergyCost.Set*/FreeAttackPower/CorruptionPower 等内部 ID 可定位；仍需目标范围、持续时间、后续可打价值 typed 化。 || effect_profile_granularity_gap: 已有 upgrade_card/exhaust_other/transform_card/AddGeneratedCardToCombat 等粗粒度内部 ID，但缺 zone/scope/filter/duration/destination/modifier/count 参数；不能靠描述文本正则补主路径。 || exhaust_pile_dependency: 消耗牌堆数量/本回合消耗条件可从状态推断，但卡牌依赖关系缺显式字段。
CARD.SWEEPING_GAZE,扫荡凝视,colorless,Token,Attack,RandomEnemy,0,gap,card_modifier_or_enchantment|damage|effect_profile_granularity_gap|ethereal|exhaust_other_or_hand|exhaust_self|multi_hit_or_aoe|random_or_choose,damage|ethereal|exhaust_self|multi_hit_or_aoe,card_modifier_or_enchantment|exhaust_other_or_hand|random_or_choose,effect_profile_granularity_gap,Ethereal|Exhaust,damage|ethereal|exhaust_self|random,"{""damage"": 10}","{""adds_keyword_or_modifier"": false, ""catalog_id"": ""sweeping_gaze"", ""class_name"": ""SweepingGaze"", ""commands"": [""Attack""], ""creates_clone"": false, ""creates_specific_card"": false, ""dynamic_vars"": [""OstyDamageVar""], ""powers"": [], ""sets_energy_cost"": false, ""sets_replay"": false, ""source_available"": true, ""source_path"": ""src/Core/Models/Cards/SweepingGaze.cs"", ""tags"": [""attack"", ""damage"", ""ethereal"", ""exhaust"", ""random_target""], ""uses_card_select_from_hand"": false, ""uses_discard_pile"": false, ""uses_draw_pile"": false, ""uses_exhaust_pile"": false, ""uses_hand_pile"": false, ""uses_top_of_pile"": false, ""uses_upgrade_select_from_hand"": false}","虚无。
奥斯提对随机一名敌人造成10点伤害。
消耗。","[{""upgrade"": 1, ""description"": ""虚无。\n奥斯提对随机一名敌人造成15点伤害。\n消耗。"", ""semanticTags"": [""damage"", ""ethereal"", ""exhaust_self"", ""random""], ""semanticSignals"": {""damage"": 15}}]",card_modifier_or_enchantment: 已有 runtime 附魔/腐化/重放解析；但“给另一张牌添加附魔”的预效果仍需 typed 化。 || effect_profile_granularity_gap: 已有 upgrade_card/exhaust_other/transform_card/AddGeneratedCardToCombat 等粗粒度内部 ID，但缺 zone/scope/filter/duration/destination/modifier/count 参数；不能靠描述文本正则补主路径。 || exhaust_other_or_hand: CardCmd.Exhaust 内部命令可定位；但选择目标/全手牌/随机目标需要 typed hand transition。 || random_or_choose: 随机/三选一结果不是确定 transition；模型能看到但缺分布式结果 profile。
CARD.FUEL,燃料,colorless,Token,Skill,Self,0,covered,draw|energy_gain|exhaust_self,draw|energy_gain|exhaust_self,,,Exhaust,draw|exhaust_self|gain_energy,"{""draw"": 1, ""energyGain"": 1}","{""adds_keyword_or_modifier"": false, ""catalog_id"": ""fuel"", ""class_name"": ""Fuel"", ""commands"": [""Draw"", ""GainEnergy""], ""creates_clone"": false, ""creates_specific_card"": false, ""dynamic_vars"": [""CardsVar"", ""DynamicVar"", ""EnergyVar""], ""powers"": [], ""sets_energy_cost"": false, ""sets_replay"": false, ""source_available"": true, ""source_path"": ""src/Core/Models/Cards/Fuel.cs"", ""tags"": [""draw"", ""energy_gen"", ""exhaust"", ""self_target"", ""skill""], ""uses_card_select_from_hand"": false, ""uses_discard_pile"": false, ""uses_draw_pile"": false, ""uses_exhaust_pile"": false, ""uses_hand_pile"": false, ""uses_top_of_pile"": false, ""uses_upgrade_select_from_hand"": false}","获得1点能量。
抽1张牌。
消耗。","[{""upgrade"": 1, ""description"": ""获得1点能量。\n抽2张牌。\n消耗。"", ""semanticTags"": [""draw"", ""exhaust_self"", ""gain_energy""], ""semanticSignals"": {""draw"": 2, ""energyGain"": 1}}]",
CARD.LUMINESCE,冷光,colorless,Token,Skill,Self,0,covered,energy_gain|exhaust_self|retain,energy_gain|exhaust_self|retain,,,Exhaust|Retain,exhaust_self|gain_energy|retain,"{""energyGain"": 2}","{""adds_keyword_or_modifier"": false, ""catalog_id"": ""luminesce"", ""class_name"": ""Luminesce"", ""commands"": [""GainEnergy""], ""creates_clone"": false, ""creates_specific_card"": false, ""dynamic_vars"": [""EnergyVar""], ""powers"": [], ""sets_energy_cost"": false, ""sets_replay"": false, ""source_available"": true, ""source_path"": ""src/Core/Models/Cards/Luminesce.cs"", ""tags"": [""energy_gen"", ""exhaust"", ""retain"", ""self_target"", ""skill""], ""uses_card_select_from_hand"": false, ""uses_discard_pile"": false, ""uses_draw_pile"": false, ""uses_exhaust_pile"": false, ""uses_hand_pile"": false, ""uses_top_of_pile"": false, ""uses_upgrade_select_from_hand"": false}","保留。
获得2点能量。
消耗。","[{""upgrade"": 1, ""description"": ""保留。\n获得3点能量。\n消耗。"", ""semanticTags"": [""exhaust_self"", ""gain_energy"", ""retain""], ""semanticSignals"": {""energyGain"": 3}}]",
CARD.MINION_SACRIFICE,仆从捐躯,colorless,Token,Skill,Self,0,covered,block|exhaust_self,block|exhaust_self,,,Exhaust,block|exhaust_self,"{""block"": 9}","{""adds_keyword_or_modifier"": false, ""catalog_id"": ""minion_sacrifice"", ""class_name"": ""MinionSacrifice"", ""commands"": [], ""creates_clone"": false, ""creates_specific_card"": false, ""dynamic_vars"": [""BlockVar""], ""powers"": [], ""sets_energy_cost"": false, ""sets_replay"": false, ""source_available"": true, ""source_path"": ""src/Core/Models/Cards/MinionSacrifice.cs"", ""tags"": [""block"", ""exhaust"", ""minion_tag"", ""self_target"", ""skill""], ""uses_card_select_from_hand"": false, ""uses_discard_pile"": false, ""uses_draw_pile"": false, ""uses_exhaust_pile"": false, ""uses_hand_pile"": false, ""uses_top_of_pile"": false, ""uses_upgrade_select_from_hand"": false}","获得9点格挡。
消耗。","[{""upgrade"": 1, ""description"": ""获得12点格挡。\n消耗。"", ""semanticTags"": [""block"", ""exhaust_self""], ""semanticSignals"": {""block"": 12}}]",
CARD.SOUL,灵魂,colorless,Token,Skill,Self,0,gap,add_or_generate_card|draw|effect_profile_granularity_gap|exhaust_self,draw|exhaust_self,add_or_generate_card,effect_profile_granularity_gap,Exhaust,draw|exhaust_self,"{""draw"": 2}","{""adds_keyword_or_modifier"": false, ""catalog_id"": ""soul"", ""class_name"": ""Soul"", ""commands"": [""AddGeneratedCardsToCombat"", ""Draw""], ""creates_clone"": false, ""creates_specific_card"": true, ""dynamic_vars"": [""CardsVar""], ""powers"": [], ""sets_energy_cost"": false, ""sets_replay"": false, ""source_available"": true, ""source_path"": ""src/Core/Models/Cards/Soul.cs"", ""tags"": [""draw"", ""exhaust"", ""generate_card"", ""self_target"", ""skill""], ""uses_card_select_from_hand"": false, ""uses_discard_pile"": false, ""uses_draw_pile"": false, ""uses_exhaust_pile"": false, ""uses_hand_pile"": true, ""uses_top_of_pile"": false, ""uses_upgrade_select_from_hand"": false}","抽2张牌。
消耗。","[{""upgrade"": 1, ""description"": ""抽3张牌。\n消耗。"", ""semanticTags"": [""draw"", ""exhaust_self""], ""semanticSignals"": {""draw"": 3}}]",add_or_generate_card: 生成牌/加手牌可由 AddGeneratedCardToCombat 等内部命令定位，但生成池、费用和本回合免费等还需要更强 typed profile。 || effect_profile_granularity_gap: 已有 upgrade_card/exhaust_other/transform_card/AddGeneratedCardToCombat 等粗粒度内部 ID，但缺 zone/scope/filter/duration/destination/modifier/count 参数；不能靠描述文本正则补主路径。
CARD.DRAMATIC_ENTRANCE,闪亮登场,colorless,Uncommon,Attack,AllEnemies,0,gap,damage|effect_profile_granularity_gap|exhaust_other_or_hand|exhaust_self|multi_hit_or_aoe,damage|exhaust_self|multi_hit_or_aoe,exhaust_other_or_hand,effect_profile_granularity_gap,Exhaust|Innate,aoe|aoe_damage|exhaust_self|innate,"{""damage"": 11}","{""adds_keyword_or_modifier"": false, ""catalog_id"": ""dramatic_entrance"", ""class_name"": ""DramaticEntrance"", ""commands"": [""Attack""], ""creates_clone"": false, ""creates_specific_card"": false, ""dynamic_vars"": [""DamageVar""], ""powers"": [], ""sets_energy_cost"": false, ""sets_replay"": false, ""source_available"": true, ""source_path"": ""src/Core/Models/Cards/DramaticEntrance.cs"", ""tags"": [""aoe"", ""attack"", ""damage"", ""exhaust"", ""innate"", ""uncommon""], ""uses_card_select_from_hand"": false, ""uses_discard_pile"": false, ""uses_draw_pile"": false, ""uses_exhaust_pile"": false, ""uses_hand_pile"": false, ""uses_top_of_pile"": false, ""uses_upgrade_select_from_hand"": false}","固有。
对所有敌人造成11点伤害。
消耗。","[{""upgrade"": 1, ""description"": ""固有。\n对所有敌人造成15点伤害。\n消耗。"", ""semanticTags"": [""aoe"", ""aoe_damage"", ""exhaust_self"", ""innate""], ""semanticSignals"": {""damage"": 15}}]",effect_profile_granularity_gap: 已有 upgrade_card/exhaust_other/transform_card/AddGeneratedCardToCombat 等粗粒度内部 ID，但缺 zone/scope/filter/duration/destination/modifier/count 参数；不能靠描述文本正则补主路径。 || exhaust_other_or_hand: CardCmd.Exhaust 内部命令可定位；但选择目标/全手牌/随机目标需要 typed hand transition。
CARD.FISTICUFFS,拳斗,colorless,Uncommon,Attack,AnyEnemy,1,covered,block|damage,block|damage,,,,damage,"{""damage"": 7}","{""adds_keyword_or_modifier"": false, ""catalog_id"": ""fisticuffs"", ""class_name"": ""Fisticuffs"", ""commands"": [""Attack""], ""creates_clone"": false, ""creates_specific_card"": false, ""dynamic_vars"": [""DamageVar""], ""powers"": [], ""sets_energy_cost"": false, ""sets_replay"": false, ""source_available"": true, ""source_path"": ""src/Core/Models/Cards/Fisticuffs.cs"", ""tags"": [""attack"", ""damage"", ""single_target"", ""uncommon""], ""uses_card_select_from_hand"": false, ""uses_discard_pile"": false, ""uses_draw_pile"": false, ""uses_exhaust_pile"": false, ""uses_hand_pile"": false, ""uses_top_of_pile"": false, ""uses_upgrade_select_from_hand"": false}","造成7点伤害。
获得等量于所造成伤害的格挡。","[{""upgrade"": 1, ""description"": ""造成9点伤害。\n获得等量于所造成伤害的格挡。"", ""semanticTags"": [""damage""], ""semanticSignals"": {""damage"": 9}}]",
CARD.FLASH_OF_STEEL,亮剑,colorless,Uncommon,Attack,AnyEnemy,0,covered,damage|draw,damage|draw,,,,damage|draw,"{""damage"": 5, ""draw"": 1}","{""adds_keyword_or_modifier"": false, ""catalog_id"": ""flash_of_steel"", ""class_name"": ""FlashOfSteel"", ""commands"": [""Attack"", ""Draw""], ""creates_clone"": false, ""creates_specific_card"": false, ""dynamic_vars"": [""CardsVar"", ""DamageVar"", ""DynamicVar""], ""powers"": [], ""sets_energy_cost"": false, ""sets_replay"": false, ""source_available"": true, ""source_path"": ""src/Core/Models/Cards/FlashOfSteel.cs"", ""tags"": [""attack"", ""damage"", ""draw"", ""single_target"", ""uncommon""], ""uses_card_select_from_hand"": false, ""uses_discard_pile"": false, ""uses_draw_pile"": false, ""uses_exhaust_pile"": false, ""uses_hand_pile"": false, ""uses_top_of_pile"": false, ""uses_upgrade_select_from_hand"": false}","造成5点伤害。
抽1张牌。","[{""upgrade"": 1, ""description"": ""造成8点伤害。\n抽1张牌。"", ""semanticTags"": [""damage"", ""draw""], ""semanticSignals"": {""damage"": 8, ""draw"": 1}}]",
CARD.GANG_UP,群起攻之,colorless,Uncommon,Attack,AnyEnemy,1,partial,damage|turn_or_delayed_rule,damage,turn_or_delayed_rule,,,damage,"{""damage"": 5}","{""adds_keyword_or_modifier"": false, ""catalog_id"": ""gang_up"", ""class_name"": ""GangUp"", ""commands"": [""Attack""], ""creates_clone"": false, ""creates_specific_card"": false, ""dynamic_vars"": [""CalculatedDamageVar"", ""CalculationBaseVar"", ""DynamicVar"", ""ExtraDamageVar""], ""powers"": [], ""sets_energy_cost"": false, ""sets_replay"": false, ""source_available"": true, ""source_path"": ""src/Core/Models/Cards/GangUp.cs"", ""tags"": [""attack"", ""damage"", ""single_target"", ""uncommon""], ""uses_card_select_from_hand"": false, ""uses_discard_pile"": false, ""uses_draw_pile"": false, ""uses_exhaust_pile"": false, ""uses_hand_pile"": false, ""uses_top_of_pile"": false, ""uses_upgrade_select_from_hand"": false}","造成5点伤害。
本回合其他玩家每攻击过一次该敌人，该牌造成的伤害就额外增加5点。","[{""upgrade"": 1, ""description"": ""造成5点伤害。\n本回合其他玩家每攻击过一次该敌人，该牌造成的伤害就额外增加7点。"", ""semanticTags"": [""damage""], ""semanticSignals"": {""damage"": 5}}]",turn_or_delayed_rule: 本回合/下回合/每当/回合开始类规则可见但还不是统一 temporal rule token。
CARD.MIND_BLAST,心灵震慑,colorless,Uncommon,Attack,AnyEnemy,1,gap,cost_modify|damage|draw|effect_profile_granularity_gap|pile_fetch_reorder,damage|draw,cost_modify|pile_fetch_reorder,effect_profile_granularity_gap,Innate,innate,{},"{""adds_keyword_or_modifier"": false, ""catalog_id"": ""mind_blast"", ""class_name"": ""MindBlast"", ""commands"": [""Attack""], ""creates_clone"": false, ""creates_specific_card"": false, ""dynamic_vars"": [""CalculatedDamageVar"", ""CalculationBaseVar"", ""DynamicVar"", ""ExtraDamageVar""], ""powers"": [], ""sets_energy_cost"": true, ""sets_replay"": false, ""source_available"": true, ""source_path"": ""src/Core/Models/Cards/MindBlast.cs"", ""tags"": [""attack"", ""damage"", ""innate"", ""single_target"", ""uncommon""], ""uses_card_select_from_hand"": false, ""uses_discard_pile"": false, ""uses_draw_pile"": true, ""uses_exhaust_pile"": false, ""uses_hand_pile"": false, ""uses_top_of_pile"": false, ""uses_upgrade_select_from_hand"": false}","固有。
造成你抽牌堆中剩余牌数的伤害。","[{""upgrade"": 1, ""description"": ""固有。\n造成你抽牌堆中剩余牌数的伤害。"", ""semanticTags"": [""innate""], ""semanticSignals"": {}}]",cost_modify: EnergyCost.Set*/FreeAttackPower/CorruptionPower 等内部 ID 可定位；仍需目标范围、持续时间、后续可打价值 typed 化。 || effect_profile_granularity_gap: 已有 upgrade_card/exhaust_other/transform_card/AddGeneratedCardToCombat 等粗粒度内部 ID，但缺 zone/scope/filter/duration/destination/modifier/count 参数；不能靠描述文本正则补主路径。 || pile_fetch_reorder: 抽牌堆/弃牌堆/牌堆顶部信息可被注意力看到，也能从 PileType/CardPileCmd 内部调用定位；动作的 pile transition 仍不够结构化。
CARD.OMNISLICE,万向斩,colorless,Uncommon,Attack,AnyEnemy,0,covered,damage,damage,,,,damage,"{""damage"": 8}","{""adds_keyword_or_modifier"": false, ""catalog_id"": ""omnislice"", ""class_name"": ""Omnislice"", ""commands"": [], ""creates_clone"": false, ""creates_specific_card"": false, ""dynamic_vars"": [""DamageVar""], ""powers"": [], ""sets_energy_cost"": false, ""sets_replay"": false, ""source_available"": true, ""source_path"": ""src/Core/Models/Cards/Omnislice.cs"", ""tags"": [""attack"", ""damage"", ""single_target"", ""uncommon""], ""uses_card_select_from_hand"": false, ""uses_discard_pile"": false, ""uses_draw_pile"": false, ""uses_exhaust_pile"": false, ""uses_hand_pile"": false, ""uses_top_of_pile"": false, ""uses_upgrade_select_from_hand"": false}","造成8点伤害。
对所有其他敌人造成等量的伤害。","[{""upgrade"": 1, ""description"": ""造成11点伤害。\n对所有其他敌人造成等量的伤害。"", ""semanticTags"": [""damage""], ""semanticSignals"": {""damage"": 11}}]",
CARD.SEEKER_STRIKE,探寻打击,colorless,Uncommon,Attack,AnyEnemy,1,gap,add_or_generate_card|damage|draw|effect_profile_granularity_gap|pile_fetch_reorder|random_or_choose|whole_hand_state,damage|draw,add_or_generate_card|pile_fetch_reorder|random_or_choose|whole_hand_state,effect_profile_granularity_gap,,add_to_hand|damage|random,"{""damage"": 9}","{""adds_keyword_or_modifier"": false, ""catalog_id"": ""seeker_strike"", ""class_name"": ""SeekerStrike"", ""commands"": [""Add"", ""Attack""], ""creates_clone"": false, ""creates_specific_card"": false, ""dynamic_vars"": [""CardsVar"", ""DamageVar"", ""DynamicVar""], ""powers"": [], ""sets_energy_cost"": false, ""sets_replay"": false, ""source_available"": true, ""source_path"": ""src/Core/Models/Cards/SeekerStrike.cs"", ""tags"": [""attack"", ""damage"", ""draw"", ""single_target"", ""strike_tag"", ""uncommon""], ""uses_card_select_from_hand"": false, ""uses_discard_pile"": false, ""uses_draw_pile"": true, ""uses_exhaust_pile"": false, ""uses_hand_pile"": true, ""uses_top_of_pile"": false, ""uses_upgrade_select_from_hand"": false}","造成9点伤害。
从抽牌堆的随机3张牌中选择一张加入你的手牌。","[{""upgrade"": 1, ""description"": ""造成12点伤害。\n从抽牌堆的随机3张牌中选择一张加入你的手牌。"", ""semanticTags"": [""add_to_hand"", ""damage"", ""random""], ""semanticSignals"": {""damage"": 12}}]",add_or_generate_card: 生成牌/加手牌可由 AddGeneratedCardToCombat 等内部命令定位，但生成池、费用和本回合免费等还需要更强 typed profile。 || effect_profile_granularity_gap: 已有 upgrade_card/exhaust_other/transform_card/AddGeneratedCardToCombat 等粗粒度内部 ID，但缺 zone/scope/filter/duration/destination/modifier/count 参数；不能靠描述文本正则补主路径。 || pile_fetch_reorder: 抽牌堆/弃牌堆/牌堆顶部信息可被注意力看到，也能从 PileType/CardPileCmd 内部调用定位；动作的 pile transition 仍不够结构化。 || random_or_choose: 随机/三选一结果不是确定 transition；模型能看到但缺分布式结果 profile。 || whole_hand_state: 可从 PileType.Hand + Upgrade/Transform/Exhaust/EnergyCost 等内部访问定位；仍需显式 hand-state transition。
CARD.TAG_TEAM,双打组合,colorless,Uncommon,Attack,AnyEnemy,2,gap,damage|effect_profile_granularity_gap|global_rule_power|multi_hit_or_aoe|next_card_modifier,damage|multi_hit_or_aoe,global_rule_power|next_card_modifier,effect_profile_granularity_gap,,damage,"{""damage"": 11}","{""adds_keyword_or_modifier"": false, ""catalog_id"": ""tag_team"", ""class_name"": ""TagTeam"", ""commands"": [""Apply"", ""Attack""], ""creates_clone"": false, ""creates_specific_card"": false, ""dynamic_vars"": [""DamageVar""], ""powers"": [""TagTeamPower""], ""sets_energy_cost"": false, ""sets_replay"": false, ""source_available"": true, ""source_path"": ""src/Core/Models/Cards/TagTeam.cs"", ""tags"": [""attack"", ""damage"", ""single_target"", ""uncommon""], ""uses_card_select_from_hand"": false, ""uses_discard_pile"": false, ""uses_draw_pile"": false, ""uses_exhaust_pile"": false, ""uses_hand_pile"": false, ""uses_top_of_pile"": false, ""uses_upgrade_select_from_hand"": false}","造成11点伤害。
其他玩家的下一张攻击牌将在该名敌人身上额外生效一次。","[{""upgrade"": 1, ""description"": ""造成15点伤害。\n其他玩家的下一张攻击牌将在该名敌人身上额外生效一次。"", ""semanticTags"": [""damage""], ""semanticSignals"": {""damage"": 15}}]",effect_profile_granularity_gap: 已有 upgrade_card/exhaust_other/transform_card/AddGeneratedCardToCombat 等粗粒度内部 ID，但缺 zone/scope/filter/duration/destination/modifier/count 参数；不能靠描述文本正则补主路径。 || global_rule_power: 腐化/黑暗之拥/怀旧等会改写未来规则；可见但最好变成 rule-transition token。 || next_card_modifier: FreeAttackPower、Replay、EnergyCost 等内部 ID 可定位；下一张攻击/重放/免费等仍需要跨动作 memory 与 next-action effect profile。
CARD.THRUMMING_HATCHET,无休手斧,colorless,Uncommon,Attack,AnyEnemy,1,gap,damage|effect_profile_granularity_gap|pile_fetch_reorder|turn_or_delayed_rule,damage,pile_fetch_reorder|turn_or_delayed_rule,effect_profile_granularity_gap,,damage,"{""damage"": 11}","{""adds_keyword_or_modifier"": false, ""catalog_id"": ""thrumming_hatchet"", ""class_name"": ""ThrummingHatchet"", ""commands"": [""Add"", ""Attack""], ""creates_clone"": false, ""creates_specific_card"": false, ""dynamic_vars"": [""DamageVar""], ""powers"": [], ""sets_energy_cost"": false, ""sets_replay"": false, ""source_available"": true, ""source_path"": ""src/Core/Models/Cards/ThrummingHatchet.cs"", ""tags"": [""attack"", ""damage"", ""single_target"", ""uncommon""], ""uses_card_select_from_hand"": false, ""uses_discard_pile"": false, ""uses_draw_pile"": false, ""uses_exhaust_pile"": false, ""uses_hand_pile"": true, ""uses_top_of_pile"": false, ""uses_upgrade_select_from_hand"": false}","造成11点伤害。
在你的下个回合开始时，将此卡返回你的手牌。","[{""upgrade"": 1, ""description"": ""造成14点伤害。\n在你的下个回合开始时，将此卡返回你的手牌。"", ""semanticTags"": [""damage""], ""semanticSignals"": {""damage"": 14}}]",effect_profile_granularity_gap: 已有 upgrade_card/exhaust_other/transform_card/AddGeneratedCardToCombat 等粗粒度内部 ID，但缺 zone/scope/filter/duration/destination/modifier/count 参数；不能靠描述文本正则补主路径。 || pile_fetch_reorder: 抽牌堆/弃牌堆/牌堆顶部信息可被注意力看到，也能从 PileType/CardPileCmd 内部调用定位；动作的 pile transition 仍不够结构化。 || turn_or_delayed_rule: 本回合/下回合/每当/回合开始类规则可见但还不是统一 temporal rule token。
CARD.ULTIMATE_STRIKE,究极打击,colorless,Uncommon,Attack,AnyEnemy,1,covered,damage,damage,,,,damage,"{""damage"": 14}","{""adds_keyword_or_modifier"": false, ""catalog_id"": ""ultimate_strike"", ""class_name"": ""UltimateStrike"", ""commands"": [""Attack""], ""creates_clone"": false, ""creates_specific_card"": false, ""dynamic_vars"": [""DamageVar""], ""powers"": [], ""sets_energy_cost"": false, ""sets_replay"": false, ""source_available"": true, ""source_path"": ""src/Core/Models/Cards/UltimateStrike.cs"", ""tags"": [""attack"", ""damage"", ""single_target"", ""strike_tag"", ""uncommon""], ""uses_card_select_from_hand"": false, ""uses_discard_pile"": false, ""uses_draw_pile"": false, ""uses_exhaust_pile"": false, ""uses_hand_pile"": false, ""uses_top_of_pile"": false, ""uses_upgrade_select_from_hand"": false}",造成14点伤害。,"[{""upgrade"": 1, ""description"": ""造成20点伤害。"", ""semanticTags"": [""damage""], ""semanticSignals"": {""damage"": 20}}]",
CARD.VOLLEY,连射,colorless,Uncommon,Attack,RandomEnemy,X,partial,damage|multi_hit_or_aoe|random_or_choose|x_cost,damage|multi_hit_or_aoe|x_cost,random_or_choose,,,cost_x|damage|hits_x|multi_hit|random,"{""damage"": 10}","{""adds_keyword_or_modifier"": false, ""catalog_id"": ""volley"", ""class_name"": ""Volley"", ""commands"": [""Attack""], ""creates_clone"": false, ""creates_specific_card"": false, ""dynamic_vars"": [""DamageVar""], ""powers"": [], ""sets_energy_cost"": false, ""sets_replay"": false, ""source_available"": true, ""source_path"": ""src/Core/Models/Cards/Volley.cs"", ""tags"": [""attack"", ""damage"", ""multi_hit"", ""random_target"", ""uncommon"", ""x_cost""], ""uses_card_select_from_hand"": false, ""uses_discard_pile"": false, ""uses_draw_pile"": false, ""uses_exhaust_pile"": false, ""uses_hand_pile"": false, ""uses_top_of_pile"": false, ""uses_upgrade_select_from_hand"": false}",随机对敌人造成10点伤害X次。,"[{""upgrade"": 1, ""description"": ""随机对敌人造成14点伤害X次。"", ""semanticTags"": [""cost_x"", ""damage"", ""hits_x"", ""multi_hit"", ""random""], ""semanticSignals"": {""damage"": 14}}]",random_or_choose: 随机/三选一结果不是确定 transition；模型能看到但缺分布式结果 profile。
CARD.AUTOMATION,自动化,colorless,Uncommon,Power,Self,1,gap,cost_modify|draw|effect_profile_granularity_gap|energy_gain|global_rule_power,draw|energy_gain,cost_modify|global_rule_power,effect_profile_granularity_gap,,draw|gain_energy,"{""draw"": 10, ""energyGain"": 1}","{""adds_keyword_or_modifier"": false, ""catalog_id"": ""automation"", ""class_name"": ""Automation"", ""commands"": [""Apply""], ""creates_clone"": false, ""creates_specific_card"": false, ""dynamic_vars"": [""EnergyVar""], ""powers"": [""AutomationPower""], ""sets_energy_cost"": true, ""sets_replay"": false, ""source_available"": true, ""source_path"": ""src/Core/Models/Cards/Automation.cs"", ""tags"": [""energy_gen"", ""power"", ""self_target"", ""uncommon""], ""uses_card_select_from_hand"": false, ""uses_discard_pile"": false, ""uses_draw_pile"": false, ""uses_exhaust_pile"": false, ""uses_hand_pile"": false, ""uses_top_of_pile"": false, ""uses_upgrade_select_from_hand"": false}",你每抽10张牌，获得1点能量。,"[{""upgrade"": 1, ""description"": ""你每抽10张牌，获得1点能量。"", ""semanticTags"": [""draw"", ""gain_energy""], ""semanticSignals"": {""draw"": 10, ""energyGain"": 1}}]",cost_modify: EnergyCost.Set*/FreeAttackPower/CorruptionPower 等内部 ID 可定位；仍需目标范围、持续时间、后续可打价值 typed 化。 || effect_profile_granularity_gap: 已有 upgrade_card/exhaust_other/transform_card/AddGeneratedCardToCombat 等粗粒度内部 ID，但缺 zone/scope/filter/duration/destination/modifier/count 参数；不能靠描述文本正则补主路径。 || global_rule_power: 腐化/黑暗之拥/怀旧等会改写未来规则；可见但最好变成 rule-transition token。
CARD.FASTEN,勒紧,colorless,Uncommon,Power,Self,1,partial,block|global_rule_power,block,global_rule_power,,,block,"{""block"": 5}","{""adds_keyword_or_modifier"": false, ""catalog_id"": ""fasten"", ""class_name"": ""Fasten"", ""commands"": [""Apply""], ""creates_clone"": false, ""creates_specific_card"": false, ""dynamic_vars"": [""DynamicVar""], ""powers"": [""FastenPower""], ""sets_energy_cost"": false, ""sets_replay"": false, ""source_available"": true, ""source_path"": ""src/Core/Models/Cards/Fasten.cs"", ""tags"": [""defend_tag"", ""power"", ""self_target"", ""uncommon""], ""uses_card_select_from_hand"": false, ""uses_discard_pile"": false, ""uses_draw_pile"": false, ""uses_exhaust_pile"": false, ""uses_hand_pile"": false, ""uses_top_of_pile"": false, ""uses_upgrade_select_from_hand"": false}",从“防御”牌中额外获得5点格挡。,"[{""upgrade"": 1, ""description"": ""从“防御”牌中额外获得7点格挡。"", ""semanticTags"": [""block""], ""semanticSignals"": {""block"": 7}}]",global_rule_power: 腐化/黑暗之拥/怀旧等会改写未来规则；可见但最好变成 rule-transition token。
CARD.PANACHE,神气制胜,colorless,Uncommon,Power,Self,0,partial,damage|global_rule_power|multi_hit_or_aoe|turn_or_delayed_rule,damage|multi_hit_or_aoe,global_rule_power|turn_or_delayed_rule,,,aoe|aoe_damage,"{""damage"": 10}","{""adds_keyword_or_modifier"": false, ""catalog_id"": ""panache"", ""class_name"": ""Panache"", ""commands"": [""Apply""], ""creates_clone"": false, ""creates_specific_card"": false, ""dynamic_vars"": [""DynamicVar""], ""powers"": [""PanachePower""], ""sets_energy_cost"": false, ""sets_replay"": false, ""source_available"": true, ""source_path"": ""src/Core/Models/Cards/Panache.cs"", ""tags"": [""power"", ""self_target"", ""uncommon""], ""uses_card_select_from_hand"": false, ""uses_discard_pile"": false, ""uses_draw_pile"": false, ""uses_exhaust_pile"": false, ""uses_hand_pile"": false, ""uses_top_of_pile"": false, ""uses_upgrade_select_from_hand"": false}",每当你在一回合内打出五张牌时，对所有敌人造成10点伤害。,"[{""upgrade"": 1, ""description"": ""每当你在一回合内打出五张牌时，对所有敌人造成14点伤害。"", ""semanticTags"": [""aoe"", ""aoe_damage""], ""semanticSignals"": {""damage"": 14}}]",global_rule_power: 腐化/黑暗之拥/怀旧等会改写未来规则；可见但最好变成 rule-transition token。 || turn_or_delayed_rule: 本回合/下回合/每当/回合开始类规则可见但还不是统一 temporal rule token。
CARD.PREP_TIME,准备时间,colorless,Uncommon,Power,Self,1,partial,global_rule_power|turn_or_delayed_rule,,global_rule_power|turn_or_delayed_rule,,,,{},"{""adds_keyword_or_modifier"": false, ""catalog_id"": ""prep_time"", ""class_name"": ""PrepTime"", ""commands"": [""Apply""], ""creates_clone"": false, ""creates_specific_card"": false, ""dynamic_vars"": [""PowerVar""], ""powers"": [""PrepTimePower"", ""VigorPower""], ""sets_energy_cost"": false, ""sets_replay"": false, ""source_available"": true, ""source_path"": ""src/Core/Models/Cards/PrepTime.cs"", ""tags"": [""power"", ""self_target"", ""uncommon""], ""uses_card_select_from_hand"": false, ""uses_discard_pile"": false, ""uses_draw_pile"": false, ""uses_exhaust_pile"": false, ""uses_hand_pile"": false, ""uses_top_of_pile"": false, ""uses_upgrade_select_from_hand"": false}",在你的回合开始时，获得4点活力。,"[{""upgrade"": 1, ""description"": ""在你的回合开始时，获得6点活力。"", ""semanticTags"": [], ""semanticSignals"": {}}]",global_rule_power: 腐化/黑暗之拥/怀旧等会改写未来规则；可见但最好变成 rule-transition token。 || turn_or_delayed_rule: 本回合/下回合/每当/回合开始类规则可见但还不是统一 temporal rule token。
CARD.PROWESS,非凡技艺,colorless,Uncommon,Power,Self,1,partial,buff_stats|global_rule_power,buff_stats,global_rule_power,,,gain_dexterity|gain_strength,"{""dexterityGain"": 1, ""strengthGain"": 1}","{""adds_keyword_or_modifier"": false, ""catalog_id"": ""prowess"", ""class_name"": ""Prowess"", ""commands"": [""Apply""], ""creates_clone"": false, ""creates_specific_card"": false, ""dynamic_vars"": [""DynamicVar"", ""PowerVar""], ""powers"": [""DexterityPower"", ""StrengthPower""], ""sets_energy_cost"": false, ""sets_replay"": false, ""source_available"": true, ""source_path"": ""src/Core/Models/Cards/Prowess.cs"", ""tags"": [""block_scaling"", ""dexterity"", ""power"", ""self_target"", ""strength"", ""strength_scaling"", ""uncommon""], ""uses_card_select_from_hand"": false, ""uses_discard_pile"": false, ""uses_draw_pile"": false, ""uses_exhaust_pile"": false, ""uses_hand_pile"": false, ""uses_top_of_pile"": false, ""uses_upgrade_select_from_hand"": false}","获得1点力量。
获得1点敏捷。","[{""upgrade"": 1, ""description"": ""获得2点力量。\n获得2点敏捷。"", ""semanticTags"": [""gain_dexterity"", ""gain_strength""], ""semanticSignals"": {""dexterityGain"": 2, ""strengthGain"": 2}}]",global_rule_power: 腐化/黑暗之拥/怀旧等会改写未来规则；可见但最好变成 rule-transition token。
CARD.STRATAGEM,计策,colorless,Uncommon,Power,Self,1,gap,add_or_generate_card|cost_modify|draw|effect_profile_granularity_gap|global_rule_power|pile_fetch_reorder|random_or_choose|turn_or_delayed_rule|whole_hand_state,draw,add_or_generate_card|cost_modify|global_rule_power|pile_fetch_reorder|random_or_choose|turn_or_delayed_rule|whole_hand_state,effect_profile_granularity_gap,,add_to_hand,{},"{""adds_keyword_or_modifier"": false, ""catalog_id"": ""stratagem"", ""class_name"": ""Stratagem"", ""commands"": [""Apply""], ""creates_clone"": false, ""creates_specific_card"": false, ""dynamic_vars"": [], ""powers"": [""StratagemPower""], ""sets_energy_cost"": true, ""sets_replay"": false, ""source_available"": true, ""source_path"": ""src/Core/Models/Cards/Stratagem.cs"", ""tags"": [""power"", ""self_target"", ""uncommon""], ""uses_card_select_from_hand"": false, ""uses_discard_pile"": false, ""uses_draw_pile"": false, ""uses_exhaust_pile"": false, ""uses_hand_pile"": false, ""uses_top_of_pile"": false, ""uses_upgrade_select_from_hand"": false}",每当你的抽牌堆打乱洗牌时，选择一张牌放入你的手牌。,"[{""upgrade"": 1, ""description"": ""每当你的抽牌堆打乱洗牌时，选择一张牌放入你的手牌。"", ""semanticTags"": [""add_to_hand""], ""semanticSignals"": {}}]",add_or_generate_card: 生成牌/加手牌可由 AddGeneratedCardToCombat 等内部命令定位，但生成池、费用和本回合免费等还需要更强 typed profile。 || cost_modify: EnergyCost.Set*/FreeAttackPower/CorruptionPower 等内部 ID 可定位；仍需目标范围、持续时间、后续可打价值 typed 化。 || effect_profile_granularity_gap: 已有 upgrade_card/exhaust_other/transform_card/AddGeneratedCardToCombat 等粗粒度内部 ID，但缺 zone/scope/filter/duration/destination/modifier/count 参数；不能靠描述文本正则补主路径。 || global_rule_power: 腐化/黑暗之拥/怀旧等会改写未来规则；可见但最好变成 rule-transition token。 || pile_fetch_reorder: 抽牌堆/弃牌堆/牌堆顶部信息可被注意力看到，也能从 PileType/CardPileCmd 内部调用定位；动作的 pile transition 仍不够结构化。 || random_or_choose: 随机/三选一结果不是确定 transition；模型能看到但缺分布式结果 profile。 || turn_or_delayed_rule: 本回合/下回合/每当/回合开始类规则可见但还不是统一 temporal rule token。 || whole_hand_state: 可从 PileType.Hand + Upgrade/Transform/Exhaust/EnergyCost 等内部访问定位；仍需显式 hand-state transition。
CARD.BELIEVE_IN_YOU,相信着你,colorless,Uncommon,Skill,AnyAlly,0,covered,energy_gain,energy_gain,,,,gain_energy,"{""energyGain"": 2}","{""adds_keyword_or_modifier"": false, ""catalog_id"": ""believe_in_you"", ""class_name"": ""BelieveInYou"", ""commands"": [""GainEnergy""], ""creates_clone"": false, ""creates_specific_card"": false, ""dynamic_vars"": [""EnergyVar""], ""powers"": [], ""sets_energy_cost"": false, ""sets_replay"": false, ""source_available"": true, ""source_path"": ""src/Core/Models/Cards/BelieveInYou.cs"", ""tags"": [""energy_gen"", ""skill"", ""uncommon""], ""uses_card_select_from_hand"": false, ""uses_discard_pile"": false, ""uses_draw_pile"": false, ""uses_exhaust_pile"": false, ""uses_hand_pile"": false, ""uses_top_of_pile"": false, ""uses_upgrade_select_from_hand"": false}",另一名玩家获得2点能量。,"[{""upgrade"": 1, ""description"": ""另一名玩家获得3点能量。"", ""semanticTags"": [""gain_energy""], ""semanticSignals"": {""energyGain"": 3}}]",
CARD.CATASTROPHE,横祸,colorless,Uncommon,Skill,Self,2,gap,draw|effect_profile_granularity_gap|pile_fetch_reorder|play_top_or_autoplay|random_or_choose,draw,pile_fetch_reorder|play_top_or_autoplay|random_or_choose,effect_profile_granularity_gap,,random,{},"{""adds_keyword_or_modifier"": false, ""catalog_id"": ""catastrophe"", ""class_name"": ""Catastrophe"", ""commands"": [""AutoPlay""], ""creates_clone"": false, ""creates_specific_card"": false, ""dynamic_vars"": [""CardsVar""], ""powers"": [], ""sets_energy_cost"": false, ""sets_replay"": false, ""source_available"": true, ""source_path"": ""src/Core/Models/Cards/Catastrophe.cs"", ""tags"": [""draw"", ""self_target"", ""skill"", ""uncommon"", ""unplayable""], ""uses_card_select_from_hand"": false, ""uses_discard_pile"": false, ""uses_draw_pile"": true, ""uses_exhaust_pile"": false, ""uses_hand_pile"": false, ""uses_top_of_pile"": false, ""uses_upgrade_select_from_hand"": false}",从你的抽牌堆中随机打出2张牌。,"[{""upgrade"": 1, ""description"": ""从你的抽牌堆中随机打出3张牌。"", ""semanticTags"": [""random""], ""semanticSignals"": {}}]",effect_profile_granularity_gap: 已有 upgrade_card/exhaust_other/transform_card/AddGeneratedCardToCombat 等粗粒度内部 ID，但缺 zone/scope/filter/duration/destination/modifier/count 参数；不能靠描述文本正则补主路径。 || pile_fetch_reorder: 抽牌堆/弃牌堆/牌堆顶部信息可被注意力看到，也能从 PileType/CardPileCmd 内部调用定位；动作的 pile transition 仍不够结构化。 || play_top_or_autoplay: 破灭/倾泻/自动打出类可见，但缺打出目标、消耗去向、连锁结果的 typed lookahead。 || random_or_choose: 随机/三选一结果不是确定 transition；模型能看到但缺分布式结果 profile。
CARD.COORDINATE,协同配合,colorless,Uncommon,Skill,AnyAlly,1,partial,buff_stats|global_rule_power|turn_or_delayed_rule,buff_stats,global_rule_power|turn_or_delayed_rule,,,,{},"{""adds_keyword_or_modifier"": false, ""catalog_id"": ""coordinate"", ""class_name"": ""Coordinate"", ""commands"": [""Apply""], ""creates_clone"": false, ""creates_specific_card"": false, ""dynamic_vars"": [""PowerVar""], ""powers"": [""CoordinatePower"", ""StrengthPower""], ""sets_energy_cost"": false, ""sets_replay"": false, ""source_available"": true, ""source_path"": ""src/Core/Models/Cards/Coordinate.cs"", ""tags"": [""skill"", ""strength"", ""uncommon""], ""uses_card_select_from_hand"": false, ""uses_discard_pile"": false, ""uses_draw_pile"": false, ""uses_exhaust_pile"": false, ""uses_hand_pile"": false, ""uses_top_of_pile"": false, ""uses_upgrade_select_from_hand"": false}",在本回合给予其他玩家5点力量。,"[{""upgrade"": 1, ""description"": ""在本回合给予其他玩家8点力量。"", ""semanticTags"": [], ""semanticSignals"": {}}]",global_rule_power: 腐化/黑暗之拥/怀旧等会改写未来规则；可见但最好变成 rule-transition token。 || turn_or_delayed_rule: 本回合/下回合/每当/回合开始类规则可见但还不是统一 temporal rule token。
CARD.DARK_SHACKLES,黑暗镣铐,colorless,Uncommon,Skill,AnyEnemy,0,partial,buff_stats|exhaust_self|global_rule_power|hp_or_self_cost|turn_or_delayed_rule,buff_stats|exhaust_self|hp_or_self_cost,global_rule_power|turn_or_delayed_rule,,Exhaust,exhaust_self,{},"{""adds_keyword_or_modifier"": false, ""catalog_id"": ""dark_shackles"", ""class_name"": ""DarkShackles"", ""commands"": [""Apply""], ""creates_clone"": false, ""creates_specific_card"": false, ""dynamic_vars"": [""DynamicVar""], ""powers"": [""DarkShacklesPower"", ""StrengthPower""], ""sets_energy_cost"": false, ""sets_replay"": false, ""source_available"": true, ""source_path"": ""src/Core/Models/Cards/DarkShackles.cs"", ""tags"": [""exhaust"", ""single_target"", ""skill"", ""uncommon""], ""uses_card_select_from_hand"": false, ""uses_discard_pile"": false, ""uses_draw_pile"": false, ""uses_exhaust_pile"": false, ""uses_hand_pile"": false, ""uses_top_of_pile"": false, ""uses_upgrade_select_from_hand"": false}","使一名敌人在本回合失去9点力量。
消耗。","[{""upgrade"": 1, ""description"": ""使一名敌人在本回合失去15点力量。\n消耗。"", ""semanticTags"": [""exhaust_self""], ""semanticSignals"": {}}]",global_rule_power: 腐化/黑暗之拥/怀旧等会改写未来规则；可见但最好变成 rule-transition token。 || turn_or_delayed_rule: 本回合/下回合/每当/回合开始类规则可见但还不是统一 temporal rule token。
CARD.DISCOVERY,发现,colorless,Uncommon,Skill,Self,1,gap,add_or_generate_card|cost_modify|effect_profile_granularity_gap|exhaust_other_or_hand|exhaust_self|random_or_choose|turn_or_delayed_rule|whole_hand_state,exhaust_self,add_or_generate_card|cost_modify|exhaust_other_or_hand|random_or_choose|turn_or_delayed_rule|whole_hand_state,effect_profile_granularity_gap,Exhaust,add_to_hand|exhaust_self|random,{},"{""adds_keyword_or_modifier"": false, ""catalog_id"": ""discovery"", ""class_name"": ""Discovery"", ""commands"": [""AddGeneratedCardToCombat""], ""creates_clone"": false, ""creates_specific_card"": false, ""dynamic_vars"": [], ""powers"": [], ""sets_energy_cost"": false, ""sets_replay"": false, ""source_available"": true, ""source_path"": ""src/Core/Models/Cards/Discovery.cs"", ""tags"": [""exhaust"", ""self_target"", ""skill"", ""uncommon""], ""uses_card_select_from_hand"": false, ""uses_discard_pile"": false, ""uses_draw_pile"": false, ""uses_exhaust_pile"": false, ""uses_hand_pile"": true, ""uses_top_of_pile"": false, ""uses_upgrade_select_from_hand"": false}","从3张随机牌中选择1张加入你的手牌。这张牌在本回合可以免费打出。
消耗。","[{""upgrade"": 1, ""description"": ""从3张随机牌中选择1张加入你的手牌。这张牌在本回合可以免费打出。"", ""semanticTags"": [""add_to_hand"", ""random""], ""semanticSignals"": {}}]",add_or_generate_card: 生成牌/加手牌可由 AddGeneratedCardToCombat 等内部命令定位，但生成池、费用和本回合免费等还需要更强 typed profile。 || cost_modify: EnergyCost.Set*/FreeAttackPower/CorruptionPower 等内部 ID 可定位；仍需目标范围、持续时间、后续可打价值 typed 化。 || effect_profile_granularity_gap: 已有 upgrade_card/exhaust_other/transform_card/AddGeneratedCardToCombat 等粗粒度内部 ID，但缺 zone/scope/filter/duration/destination/modifier/count 参数；不能靠描述文本正则补主路径。 || exhaust_other_or_hand: CardCmd.Exhaust 内部命令可定位；但选择目标/全手牌/随机目标需要 typed hand transition。 || random_or_choose: 随机/三选一结果不是确定 transition；模型能看到但缺分布式结果 profile。 || turn_or_delayed_rule: 本回合/下回合/每当/回合开始类规则可见但还不是统一 temporal rule token。 || whole_hand_state: 可从 PileType.Hand + Upgrade/Transform/Exhaust/EnergyCost 等内部访问定位；仍需显式 hand-state transition。
CARD.EQUILIBRIUM,均衡,colorless,Uncommon,Skill,Self,2,gap,block|effect_profile_granularity_gap|global_rule_power|retain|turn_or_delayed_rule|whole_hand_state,block|retain,global_rule_power|turn_or_delayed_rule|whole_hand_state,effect_profile_granularity_gap,,block|retain,"{""block"": 13}","{""adds_keyword_or_modifier"": false, ""catalog_id"": ""equilibrium"", ""class_name"": ""Equilibrium"", ""commands"": [""Apply""], ""creates_clone"": false, ""creates_specific_card"": false, ""dynamic_vars"": [""BlockVar"", ""DynamicVar""], ""powers"": [""RetainHandPower""], ""sets_energy_cost"": false, ""sets_replay"": false, ""source_available"": true, ""source_path"": ""src/Core/Models/Cards/Equilibrium.cs"", ""tags"": [""block"", ""retain"", ""self_target"", ""skill"", ""uncommon""], ""uses_card_select_from_hand"": false, ""uses_discard_pile"": false, ""uses_draw_pile"": false, ""uses_exhaust_pile"": false, ""uses_hand_pile"": false, ""uses_top_of_pile"": false, ""uses_upgrade_select_from_hand"": false}","获得13点格挡。
在本回合保留你的手牌。","[{""upgrade"": 1, ""description"": ""获得16点格挡。\n在本回合保留你的手牌。"", ""semanticTags"": [""block"", ""retain""], ""semanticSignals"": {""block"": 16}}]",effect_profile_granularity_gap: 已有 upgrade_card/exhaust_other/transform_card/AddGeneratedCardToCombat 等粗粒度内部 ID，但缺 zone/scope/filter/duration/destination/modifier/count 参数；不能靠描述文本正则补主路径。 || global_rule_power: 腐化/黑暗之拥/怀旧等会改写未来规则；可见但最好变成 rule-transition token。 || turn_or_delayed_rule: 本回合/下回合/每当/回合开始类规则可见但还不是统一 temporal rule token。 || whole_hand_state: 可从 PileType.Hand + Upgrade/Transform/Exhaust/EnergyCost 等内部访问定位；仍需显式 hand-state transition。
CARD.FINESSE,妙计,colorless,Uncommon,Skill,Self,0,covered,block|draw,block|draw,,,,block|draw,"{""block"": 4, ""draw"": 1}","{""adds_keyword_or_modifier"": false, ""catalog_id"": ""finesse"", ""class_name"": ""Finesse"", ""commands"": [""Draw""], ""creates_clone"": false, ""creates_specific_card"": false, ""dynamic_vars"": [""BlockVar"", ""CardsVar"", ""DynamicVar""], ""powers"": [], ""sets_energy_cost"": false, ""sets_replay"": false, ""source_available"": true, ""source_path"": ""src/Core/Models/Cards/Finesse.cs"", ""tags"": [""block"", ""draw"", ""self_target"", ""skill"", ""uncommon""], ""uses_card_select_from_hand"": false, ""uses_discard_pile"": false, ""uses_draw_pile"": false, ""uses_exhaust_pile"": false, ""uses_hand_pile"": false, ""uses_top_of_pile"": false, ""uses_upgrade_select_from_hand"": false}","获得4点格挡。
抽1张牌。","[{""upgrade"": 1, ""description"": ""获得7点格挡。\n抽1张牌。"", ""semanticTags"": [""block"", ""draw""], ""semanticSignals"": {""block"": 7, ""draw"": 1}}]",
CARD.HUDDLE_UP,抱团,colorless,Uncommon,Skill,AllAllies,1,gap,draw|effect_profile_granularity_gap|exhaust_other_or_hand|exhaust_self,draw|exhaust_self,exhaust_other_or_hand,effect_profile_granularity_gap,Exhaust,draw|exhaust_self,"{""draw"": 2}","{""adds_keyword_or_modifier"": false, ""catalog_id"": ""huddle_up"", ""class_name"": ""HuddleUp"", ""commands"": [""Draw""], ""creates_clone"": false, ""creates_specific_card"": false, ""dynamic_vars"": [""CardsVar""], ""powers"": [], ""sets_energy_cost"": false, ""sets_replay"": false, ""source_available"": true, ""source_path"": ""src/Core/Models/Cards/HuddleUp.cs"", ""tags"": [""draw"", ""skill"", ""uncommon""], ""uses_card_select_from_hand"": false, ""uses_discard_pile"": false, ""uses_draw_pile"": false, ""uses_exhaust_pile"": false, ""uses_hand_pile"": false, ""uses_top_of_pile"": false, ""uses_upgrade_select_from_hand"": false}","所有玩家抽2张牌。
消耗。","[{""upgrade"": 1, ""description"": ""所有玩家抽3张牌。\n消耗。"", ""semanticTags"": [""draw"", ""exhaust_self""], ""semanticSignals"": {""draw"": 3}}]",effect_profile_granularity_gap: 已有 upgrade_card/exhaust_other/transform_card/AddGeneratedCardToCombat 等粗粒度内部 ID，但缺 zone/scope/filter/duration/destination/modifier/count 参数；不能靠描述文本正则补主路径。 || exhaust_other_or_hand: CardCmd.Exhaust 内部命令可定位；但选择目标/全手牌/随机目标需要 typed hand transition。
CARD.IMPATIENCE,急躁,colorless,Uncommon,Skill,Self,0,covered,draw,draw,,,,draw,"{""draw"": 2}","{""adds_keyword_or_modifier"": false, ""catalog_id"": ""impatience"", ""class_name"": ""Impatience"", ""commands"": [""Draw""], ""creates_clone"": false, ""creates_specific_card"": false, ""dynamic_vars"": [""CardsVar""], ""powers"": [], ""sets_energy_cost"": false, ""sets_replay"": false, ""source_available"": true, ""source_path"": ""src/Core/Models/Cards/Impatience.cs"", ""tags"": [""draw"", ""self_target"", ""skill"", ""uncommon""], ""uses_card_select_from_hand"": false, ""uses_discard_pile"": false, ""uses_draw_pile"": false, ""uses_exhaust_pile"": false, ""uses_hand_pile"": true, ""uses_top_of_pile"": false, ""uses_upgrade_select_from_hand"": false}",如果你的手牌中没有攻击牌，抽2张牌。,"[{""upgrade"": 1, ""description"": ""如果你的手牌中没有攻击牌，抽3张牌。"", ""semanticTags"": [""draw""], ""semanticSignals"": {""draw"": 3}}]",
CARD.INTERCEPT,拦截,colorless,Uncommon,Skill,AnyAlly,1,partial,block|global_rule_power|turn_or_delayed_rule,block,global_rule_power|turn_or_delayed_rule,,,block,"{""block"": 9}","{""adds_keyword_or_modifier"": false, ""catalog_id"": ""intercept"", ""class_name"": ""Intercept"", ""commands"": [""Apply""], ""creates_clone"": false, ""creates_specific_card"": false, ""dynamic_vars"": [""BlockVar""], ""powers"": [""CoveredPower""], ""sets_energy_cost"": false, ""sets_replay"": false, ""source_available"": true, ""source_path"": ""src/Core/Models/Cards/Intercept.cs"", ""tags"": [""block"", ""skill"", ""uncommon""], ""uses_card_select_from_hand"": false, ""uses_discard_pile"": false, ""uses_draw_pile"": false, ""uses_exhaust_pile"": false, ""uses_hand_pile"": false, ""uses_top_of_pile"": false, ""uses_upgrade_select_from_hand"": false}","获得9点格挡。
将本回合所有要对另一名玩家发起的攻击转移到你的身上。","[{""upgrade"": 1, ""description"": ""获得13点格挡。\n将本回合所有要对另一名玩家发起的攻击转移到你的身上。"", ""semanticTags"": [""block""], ""semanticSignals"": {""block"": 13}}]",global_rule_power: 腐化/黑暗之拥/怀旧等会改写未来规则；可见但最好变成 rule-transition token。 || turn_or_delayed_rule: 本回合/下回合/每当/回合开始类规则可见但还不是统一 temporal rule token。
CARD.JACK_OF_ALL_TRADES,花样百出,colorless,Uncommon,Skill,Self,0,gap,add_or_generate_card|draw|effect_profile_granularity_gap|exhaust_other_or_hand|exhaust_self|random_or_choose|whole_hand_state,draw|exhaust_self,add_or_generate_card|exhaust_other_or_hand|random_or_choose|whole_hand_state,effect_profile_granularity_gap,Exhaust,add_to_hand|exhaust_self|random,"{""cardsToHand"": 1}","{""adds_keyword_or_modifier"": false, ""catalog_id"": ""jack_of_all_trades"", ""class_name"": ""JackOfAllTrades"", ""commands"": [""AddGeneratedCardToCombat""], ""creates_clone"": false, ""creates_specific_card"": false, ""dynamic_vars"": [""CardsVar""], ""powers"": [], ""sets_energy_cost"": false, ""sets_replay"": false, ""source_available"": true, ""source_path"": ""src/Core/Models/Cards/JackOfAllTrades.cs"", ""tags"": [""draw"", ""exhaust"", ""self_target"", ""skill"", ""uncommon""], ""uses_card_select_from_hand"": false, ""uses_discard_pile"": false, ""uses_draw_pile"": false, ""uses_exhaust_pile"": false, ""uses_hand_pile"": true, ""uses_top_of_pile"": false, ""uses_upgrade_select_from_hand"": false}","将1张随机无色牌加入你的手牌。
消耗。","[{""upgrade"": 1, ""description"": ""将2张随机无色牌加入你的手牌。\n消耗。"", ""semanticTags"": [""add_to_hand"", ""exhaust_self"", ""random""], ""semanticSignals"": {""cardsToHand"": 2}}]",add_or_generate_card: 生成牌/加手牌可由 AddGeneratedCardToCombat 等内部命令定位，但生成池、费用和本回合免费等还需要更强 typed profile。 || effect_profile_granularity_gap: 已有 upgrade_card/exhaust_other/transform_card/AddGeneratedCardToCombat 等粗粒度内部 ID，但缺 zone/scope/filter/duration/destination/modifier/count 参数；不能靠描述文本正则补主路径。 || exhaust_other_or_hand: CardCmd.Exhaust 内部命令可定位；但选择目标/全手牌/随机目标需要 typed hand transition。 || random_or_choose: 随机/三选一结果不是确定 transition；模型能看到但缺分布式结果 profile。 || whole_hand_state: 可从 PileType.Hand + Upgrade/Transform/Exhaust/EnergyCost 等内部访问定位；仍需显式 hand-state transition。
CARD.LIFT,托举,colorless,Uncommon,Skill,AnyAlly,1,covered,block,block,,,,,{},"{""adds_keyword_or_modifier"": false, ""catalog_id"": ""lift"", ""class_name"": ""Lift"", ""commands"": [], ""creates_clone"": false, ""creates_specific_card"": false, ""dynamic_vars"": [""BlockVar""], ""powers"": [], ""sets_energy_cost"": false, ""sets_replay"": false, ""source_available"": true, ""source_path"": ""src/Core/Models/Cards/Lift.cs"", ""tags"": [""block"", ""skill"", ""uncommon""], ""uses_card_select_from_hand"": false, ""uses_discard_pile"": false, ""uses_draw_pile"": false, ""uses_exhaust_pile"": false, ""uses_hand_pile"": false, ""uses_top_of_pile"": false, ""uses_upgrade_select_from_hand"": false}",给另一名玩家11点格挡。,"[{""upgrade"": 1, ""description"": ""给另一名玩家16点格挡。"", ""semanticTags"": [], ""semanticSignals"": {}}]",
CARD.PANIC_BUTTON,应急按钮,colorless,Uncommon,Skill,Self,0,partial,block|exhaust_self|global_rule_power,block|exhaust_self,global_rule_power,,Exhaust,block|exhaust_self,"{""block"": 30}","{""adds_keyword_or_modifier"": false, ""catalog_id"": ""panic_button"", ""class_name"": ""PanicButton"", ""commands"": [""Apply""], ""creates_clone"": false, ""creates_specific_card"": false, ""dynamic_vars"": [""BlockVar"", ""DynamicVar""], ""powers"": [""NoBlockPower""], ""sets_energy_cost"": false, ""sets_replay"": false, ""source_available"": true, ""source_path"": ""src/Core/Models/Cards/PanicButton.cs"", ""tags"": [""block"", ""exhaust"", ""self_target"", ""skill"", ""uncommon""], ""uses_card_select_from_hand"": false, ""uses_discard_pile"": false, ""uses_draw_pile"": false, ""uses_exhaust_pile"": false, ""uses_hand_pile"": false, ""uses_top_of_pile"": false, ""uses_upgrade_select_from_hand"": false}","获得30点格挡。
你在接下来的2回合内无法再从卡牌中获得格挡。
消耗。","[{""upgrade"": 1, ""description"": ""获得40点格挡。\n你在接下来的2回合内无法再从卡牌中获得格挡。\n消耗。"", ""semanticTags"": [""block"", ""exhaust_self""], ""semanticSignals"": {""block"": 40}}]",global_rule_power: 腐化/黑暗之拥/怀旧等会改写未来规则；可见但最好变成 rule-transition token。
CARD.PRODUCTION,生产制造,colorless,Uncommon,Skill,Self,0,covered,energy_gain|exhaust_self,energy_gain|exhaust_self,,,Exhaust,exhaust_self|gain_energy,"{""energyGain"": 2}","{""adds_keyword_or_modifier"": false, ""catalog_id"": ""production"", ""class_name"": ""Production"", ""commands"": [""GainEnergy""], ""creates_clone"": false, ""creates_specific_card"": false, ""dynamic_vars"": [""EnergyVar""], ""powers"": [], ""sets_energy_cost"": false, ""sets_replay"": false, ""source_available"": true, ""source_path"": ""src/Core/Models/Cards/Production.cs"", ""tags"": [""energy_gen"", ""exhaust"", ""self_target"", ""skill"", ""uncommon""], ""uses_card_select_from_hand"": false, ""uses_discard_pile"": false, ""uses_draw_pile"": false, ""uses_exhaust_pile"": false, ""uses_hand_pile"": false, ""uses_top_of_pile"": false, ""uses_upgrade_select_from_hand"": false}","获得2点能量。
消耗。","[{""upgrade"": 1, ""description"": ""获得3点能量。\n消耗。"", ""semanticTags"": [""exhaust_self"", ""gain_energy""], ""semanticSignals"": {""energyGain"": 3}}]",
CARD.PROLONG,延伸,colorless,Uncommon,Skill,Self,0,partial,block|exhaust_self|global_rule_power|turn_or_delayed_rule,block|exhaust_self,global_rule_power|turn_or_delayed_rule,,Exhaust,exhaust_self,{},"{""adds_keyword_or_modifier"": false, ""catalog_id"": ""prolong"", ""class_name"": ""Prolong"", ""commands"": [""Apply""], ""creates_clone"": false, ""creates_specific_card"": false, ""dynamic_vars"": [], ""powers"": [""BlockNextTurnPower""], ""sets_energy_cost"": false, ""sets_replay"": false, ""source_available"": true, ""source_path"": ""src/Core/Models/Cards/Prolong.cs"", ""tags"": [""exhaust"", ""self_target"", ""skill"", ""uncommon""], ""uses_card_select_from_hand"": false, ""uses_discard_pile"": false, ""uses_draw_pile"": false, ""uses_exhaust_pile"": false, ""uses_hand_pile"": false, ""uses_top_of_pile"": false, ""uses_upgrade_select_from_hand"": false}","在下个回合获得等量于你当前格挡值的格挡。
消耗。","[{""upgrade"": 1, ""description"": ""在下个回合获得等量于你当前格挡值的格挡。"", ""semanticTags"": [], ""semanticSignals"": {}}]",global_rule_power: 腐化/黑暗之拥/怀旧等会改写未来规则；可见但最好变成 rule-transition token。 || turn_or_delayed_rule: 本回合/下回合/每当/回合开始类规则可见但还不是统一 temporal rule token。
CARD.PURITY,净化,colorless,Uncommon,Skill,Self,0,gap,draw|effect_profile_granularity_gap|exhaust_other_or_hand|exhaust_self|random_or_choose|retain|whole_hand_state,draw|exhaust_self|retain,exhaust_other_or_hand|random_or_choose|whole_hand_state,effect_profile_granularity_gap,Exhaust|Retain,exhaust_other|exhaust_self|retain,{},"{""adds_keyword_or_modifier"": false, ""catalog_id"": ""purity"", ""class_name"": ""Purity"", ""commands"": [""Exhaust""], ""creates_clone"": false, ""creates_specific_card"": false, ""dynamic_vars"": [""CardsVar""], ""powers"": [], ""sets_energy_cost"": false, ""sets_replay"": false, ""source_available"": true, ""source_path"": ""src/Core/Models/Cards/Purity.cs"", ""tags"": [""draw"", ""exhaust"", ""retain"", ""self_target"", ""skill"", ""uncommon""], ""uses_card_select_from_hand"": true, ""uses_discard_pile"": false, ""uses_draw_pile"": false, ""uses_exhaust_pile"": false, ""uses_hand_pile"": true, ""uses_top_of_pile"": false, ""uses_upgrade_select_from_hand"": false}","保留。
从手牌中选择最多3张牌消耗。
消耗。","[{""upgrade"": 1, ""description"": ""保留。\n从手牌中选择最多5张牌消耗。\n消耗。"", ""semanticTags"": [""exhaust_other"", ""exhaust_self"", ""retain""], ""semanticSignals"": {}}]",effect_profile_granularity_gap: 已有 upgrade_card/exhaust_other/transform_card/AddGeneratedCardToCombat 等粗粒度内部 ID，但缺 zone/scope/filter/duration/destination/modifier/count 参数；不能靠描述文本正则补主路径。 || exhaust_other_or_hand: CardCmd.Exhaust 内部命令可定位；但选择目标/全手牌/随机目标需要 typed hand transition。 || random_or_choose: 随机/三选一结果不是确定 transition；模型能看到但缺分布式结果 profile。 || whole_hand_state: 可从 PileType.Hand + Upgrade/Transform/Exhaust/EnergyCost 等内部访问定位；仍需显式 hand-state transition。
CARD.RESTLESSNESS,心神不宁,colorless,Uncommon,Skill,Self,0,covered,draw|energy_gain|retain,draw|energy_gain|retain,,,Retain,draw|gain_energy|retain,"{""draw"": 2, ""energyGain"": 2}","{""adds_keyword_or_modifier"": false, ""catalog_id"": ""restlessness"", ""class_name"": ""Restlessness"", ""commands"": [""Draw"", ""GainEnergy""], ""creates_clone"": false, ""creates_specific_card"": false, ""dynamic_vars"": [""CardsVar"", ""DynamicVar"", ""EnergyVar""], ""powers"": [], ""sets_energy_cost"": false, ""sets_replay"": false, ""source_available"": true, ""source_path"": ""src/Core/Models/Cards/Restlessness.cs"", ""tags"": [""draw"", ""energy_gen"", ""retain"", ""self_target"", ""skill"", ""uncommon""], ""uses_card_select_from_hand"": false, ""uses_discard_pile"": false, ""uses_draw_pile"": false, ""uses_exhaust_pile"": false, ""uses_hand_pile"": true, ""uses_top_of_pile"": false, ""uses_upgrade_select_from_hand"": false}","保留。
如果你的手牌为空，则抽2张牌并获得2点能量。","[{""upgrade"": 1, ""description"": ""保留。\n如果你的手牌为空，则抽3张牌并获得3点能量。"", ""semanticTags"": [""draw"", ""gain_energy"", ""retain""], ""semanticSignals"": {""draw"": 3, ""energyGain"": 3}}]",
CARD.SHOCKWAVE,震荡波,colorless,Uncommon,Skill,AllEnemies,2,gap,debuff|effect_profile_granularity_gap|exhaust_other_or_hand|exhaust_self|global_rule_power|multi_hit_or_aoe,debuff|exhaust_self|multi_hit_or_aoe,exhaust_other_or_hand|global_rule_power,effect_profile_granularity_gap,Exhaust,apply_vulnerable|apply_weak|exhaust_self,{},"{""adds_keyword_or_modifier"": false, ""catalog_id"": ""shockwave"", ""class_name"": ""Shockwave"", ""commands"": [""Apply""], ""creates_clone"": false, ""creates_specific_card"": false, ""dynamic_vars"": [""DynamicVar""], ""powers"": [""VulnerablePower"", ""WeakPower""], ""sets_energy_cost"": false, ""sets_replay"": false, ""source_available"": true, ""source_path"": ""src/Core/Models/Cards/Shockwave.cs"", ""tags"": [""aoe"", ""exhaust"", ""skill"", ""uncommon"", ""vulnerable"", ""weak""], ""uses_card_select_from_hand"": false, ""uses_discard_pile"": false, ""uses_draw_pile"": false, ""uses_exhaust_pile"": false, ""uses_hand_pile"": false, ""uses_top_of_pile"": false, ""uses_upgrade_select_from_hand"": false}","给予所有敌人3层虚弱和易伤。
消耗。","[{""upgrade"": 1, ""description"": ""给予所有敌人5层虚弱和易伤。\n消耗。"", ""semanticTags"": [""apply_vulnerable"", ""apply_weak"", ""exhaust_self""], ""semanticSignals"": {}}]",effect_profile_granularity_gap: 已有 upgrade_card/exhaust_other/transform_card/AddGeneratedCardToCombat 等粗粒度内部 ID，但缺 zone/scope/filter/duration/destination/modifier/count 参数；不能靠描述文本正则补主路径。 || exhaust_other_or_hand: CardCmd.Exhaust 内部命令可定位；但选择目标/全手牌/随机目标需要 typed hand transition。 || global_rule_power: 腐化/黑暗之拥/怀旧等会改写未来规则；可见但最好变成 rule-transition token。
CARD.SPLASH,飞溅,colorless,Uncommon,Skill,Self,1,gap,add_or_generate_card|cost_modify|effect_profile_granularity_gap|random_or_choose|turn_or_delayed_rule|upgrade_card|whole_hand_state,,add_or_generate_card|cost_modify|random_or_choose|turn_or_delayed_rule|upgrade_card|whole_hand_state,effect_profile_granularity_gap,,add_to_hand,{},"{""adds_keyword_or_modifier"": false, ""catalog_id"": ""splash"", ""class_name"": ""Splash"", ""commands"": [""AddGeneratedCardToCombat"", ""Upgrade""], ""creates_clone"": false, ""creates_specific_card"": false, ""dynamic_vars"": [], ""powers"": [], ""sets_energy_cost"": false, ""sets_replay"": false, ""source_available"": true, ""source_path"": ""src/Core/Models/Cards/Splash.cs"", ""tags"": [""self_target"", ""skill"", ""uncommon"", ""upgrade_card""], ""uses_card_select_from_hand"": false, ""uses_discard_pile"": false, ""uses_draw_pile"": false, ""uses_exhaust_pile"": false, ""uses_hand_pile"": true, ""uses_top_of_pile"": false, ""uses_upgrade_select_from_hand"": false}",从3张其他角色的攻击牌中选择1张加入你的手牌。这张牌在本回合免费打出。,"[{""upgrade"": 1, ""description"": ""从3张其他角色的升级过的攻击牌中选择1张加入你的手牌。这张牌在本回合免费打出。"", ""semanticTags"": [""add_to_hand"", ""upgrade_card""], ""semanticSignals"": {}}]",add_or_generate_card: 生成牌/加手牌可由 AddGeneratedCardToCombat 等内部命令定位，但生成池、费用和本回合免费等还需要更强 typed profile。 || cost_modify: EnergyCost.Set*/FreeAttackPower/CorruptionPower 等内部 ID 可定位；仍需目标范围、持续时间、后续可打价值 typed 化。 || effect_profile_granularity_gap: 已有 upgrade_card/exhaust_other/transform_card/AddGeneratedCardToCombat 等粗粒度内部 ID，但缺 zone/scope/filter/duration/destination/modifier/count 参数；不能靠描述文本正则补主路径。 || random_or_choose: 随机/三选一结果不是确定 transition；模型能看到但缺分布式结果 profile。 || turn_or_delayed_rule: 本回合/下回合/每当/回合开始类规则可见但还不是统一 temporal rule token。 || upgrade_card: 已有 upgrade_card tag / CardCmd.Upgrade 内部命令；缺 zone/scope/filter/selection 等结构参数。 || whole_hand_state: 可从 PileType.Hand + Upgrade/Transform/Exhaust/EnergyCost 等内部访问定位；仍需显式 hand-state transition。
CARD.THE_BOMB,炸弹,colorless,Uncommon,Skill,Self,2,partial,damage|global_rule_power|multi_hit_or_aoe|turn_or_delayed_rule,damage|multi_hit_or_aoe,global_rule_power|turn_or_delayed_rule,,,aoe|aoe_damage,"{""damage"": 40}","{""adds_keyword_or_modifier"": false, ""catalog_id"": ""the_bomb"", ""class_name"": ""TheBomb"", ""commands"": [""Apply""], ""creates_clone"": false, ""creates_specific_card"": false, ""dynamic_vars"": [""DynamicVar""], ""powers"": [""TheBombPower""], ""sets_energy_cost"": false, ""sets_replay"": false, ""source_available"": true, ""source_path"": ""src/Core/Models/Cards/TheBomb.cs"", ""tags"": [""self_target"", ""skill"", ""uncommon""], ""uses_card_select_from_hand"": false, ""uses_discard_pile"": false, ""uses_draw_pile"": false, ""uses_exhaust_pile"": false, ""uses_hand_pile"": false, ""uses_top_of_pile"": false, ""uses_upgrade_select_from_hand"": false}",在3回合结束后，对所有敌人造成40点伤害。,"[{""upgrade"": 1, ""description"": ""在3回合结束后，对所有敌人造成50点伤害。"", ""semanticTags"": [""aoe"", ""aoe_damage""], ""semanticSignals"": {""damage"": 50}}]",global_rule_power: 腐化/黑暗之拥/怀旧等会改写未来规则；可见但最好变成 rule-transition token。 || turn_or_delayed_rule: 本回合/下回合/每当/回合开始类规则可见但还不是统一 temporal rule token。
CARD.THINKING_AHEAD,深谋远虑,colorless,Uncommon,Skill,Self,0,gap,draw|effect_profile_granularity_gap|exhaust_other_or_hand|exhaust_self|pile_fetch_reorder|random_or_choose,draw|exhaust_self,exhaust_other_or_hand|pile_fetch_reorder|random_or_choose,effect_profile_granularity_gap,Exhaust,draw|exhaust_self,"{""draw"": 2}","{""adds_keyword_or_modifier"": false, ""catalog_id"": ""thinking_ahead"", ""class_name"": ""ThinkingAhead"", ""commands"": [""Add"", ""Draw""], ""creates_clone"": false, ""creates_specific_card"": false, ""dynamic_vars"": [""CardsVar""], ""powers"": [], ""sets_energy_cost"": false, ""sets_replay"": false, ""source_available"": true, ""source_path"": ""src/Core/Models/Cards/ThinkingAhead.cs"", ""tags"": [""draw"", ""exhaust"", ""self_target"", ""skill"", ""uncommon""], ""uses_card_select_from_hand"": true, ""uses_discard_pile"": false, ""uses_draw_pile"": true, ""uses_exhaust_pile"": false, ""uses_hand_pile"": true, ""uses_top_of_pile"": true, ""uses_upgrade_select_from_hand"": false}","抽2张牌。
将手牌中的一张牌放到你的抽牌堆的顶端。
消耗。","[{""upgrade"": 1, ""description"": ""抽2张牌。\n将手牌中的一张牌放到你的抽牌堆的顶端。"", ""semanticTags"": [""draw""], ""semanticSignals"": {""draw"": 2}}]",effect_profile_granularity_gap: 已有 upgrade_card/exhaust_other/transform_card/AddGeneratedCardToCombat 等粗粒度内部 ID，但缺 zone/scope/filter/duration/destination/modifier/count 参数；不能靠描述文本正则补主路径。 || exhaust_other_or_hand: CardCmd.Exhaust 内部命令可定位；但选择目标/全手牌/随机目标需要 typed hand transition。 || pile_fetch_reorder: 抽牌堆/弃牌堆/牌堆顶部信息可被注意力看到，也能从 PileType/CardPileCmd 内部调用定位；动作的 pile transition 仍不够结构化。 || random_or_choose: 随机/三选一结果不是确定 transition；模型能看到但缺分布式结果 profile。
CARD.ULTIMATE_DEFEND,究极防御,colorless,Uncommon,Skill,Self,1,covered,block,block,,,,block,"{""block"": 11}","{""adds_keyword_or_modifier"": false, ""catalog_id"": ""ultimate_defend"", ""class_name"": ""UltimateDefend"", ""commands"": [], ""creates_clone"": false, ""creates_specific_card"": false, ""dynamic_vars"": [""BlockVar""], ""powers"": [], ""sets_energy_cost"": false, ""sets_replay"": false, ""source_available"": true, ""source_path"": ""src/Core/Models/Cards/UltimateDefend.cs"", ""tags"": [""block"", ""defend_tag"", ""self_target"", ""skill"", ""uncommon""], ""uses_card_select_from_hand"": false, ""uses_discard_pile"": false, ""uses_draw_pile"": false, ""uses_exhaust_pile"": false, ""uses_hand_pile"": false, ""uses_top_of_pile"": false, ""uses_upgrade_select_from_hand"": false}",获得11点格挡。,"[{""upgrade"": 1, ""description"": ""获得15点格挡。"", ""semanticTags"": [""block""], ""semanticSignals"": {""block"": 15}}]",
CARD.BREAK,破击,ironclad,Ancient,Attack,AnyEnemy,1,partial,damage|debuff|global_rule_power,damage|debuff,global_rule_power,,,apply_vulnerable|damage,"{""damage"": 20, ""vulnerable"": 5}","{""adds_keyword_or_modifier"": false, ""catalog_id"": ""break"", ""class_name"": ""Break"", ""commands"": [""Apply"", ""Attack""], ""creates_clone"": false, ""creates_specific_card"": false, ""dynamic_vars"": [""DamageVar"", ""DynamicVar"", ""PowerVar""], ""powers"": [""VulnerablePower""], ""sets_energy_cost"": false, ""sets_replay"": false, ""source_available"": true, ""source_path"": ""src/Core/Models/Cards/Break.cs"", ""tags"": [""attack"", ""damage"", ""single_target"", ""vulnerable""], ""uses_card_select_from_hand"": false, ""uses_discard_pile"": false, ""uses_draw_pile"": false, ""uses_exhaust_pile"": false, ""uses_hand_pile"": false, ""uses_top_of_pile"": false, ""uses_upgrade_select_from_hand"": false}","造成20点伤害。
给予5层易伤。","[{""upgrade"": 1, ""description"": ""造成30点伤害。\n给予7层易伤。"", ""semanticTags"": [""apply_vulnerable"", ""damage""], ""semanticSignals"": {""damage"": 30, ""vulnerable"": 7}}]",global_rule_power: 腐化/黑暗之拥/怀旧等会改写未来规则；可见但最好变成 rule-transition token。
CARD.CORRUPTION,腐化,ironclad,Ancient,Power,Self,3,gap,cost_modify|effect_profile_granularity_gap|exhaust_other_or_hand|exhaust_self|global_rule_power|turn_or_delayed_rule,exhaust_self,cost_modify|exhaust_other_or_hand|global_rule_power|turn_or_delayed_rule,effect_profile_granularity_gap,,exhaust_other|exhaust_self,{},"{""adds_keyword_or_modifier"": false, ""catalog_id"": ""corruption"", ""class_name"": ""Corruption"", ""commands"": [""Apply""], ""creates_clone"": false, ""creates_specific_card"": false, ""dynamic_vars"": [""DynamicVar""], ""powers"": [""CorruptionPower""], ""sets_energy_cost"": true, ""sets_replay"": false, ""source_available"": true, ""source_path"": ""src/Core/Models/Cards/Corruption.cs"", ""tags"": [""exhaust"", ""power"", ""self_target""], ""uses_card_select_from_hand"": false, ""uses_discard_pile"": false, ""uses_draw_pile"": false, ""uses_exhaust_pile"": false, ""uses_hand_pile"": false, ""uses_top_of_pile"": false, ""uses_upgrade_select_from_hand"": false}","技能牌消耗变为0点能量。
每当你打出一张技能牌时，将其消耗。","[{""upgrade"": 1, ""description"": ""技能牌消耗变为0点能量。\n每当你打出一张技能牌时，将其消耗。"", ""semanticTags"": [""exhaust_other"", ""exhaust_self""], ""semanticSignals"": {}}]",cost_modify: EnergyCost.Set*/FreeAttackPower/CorruptionPower 等内部 ID 可定位；仍需目标范围、持续时间、后续可打价值 typed 化。 || effect_profile_granularity_gap: 已有 upgrade_card/exhaust_other/transform_card/AddGeneratedCardToCombat 等粗粒度内部 ID，但缺 zone/scope/filter/duration/destination/modifier/count 参数；不能靠描述文本正则补主路径。 || exhaust_other_or_hand: CardCmd.Exhaust 内部命令可定位；但选择目标/全手牌/随机目标需要 typed hand transition。 || global_rule_power: 腐化/黑暗之拥/怀旧等会改写未来规则；可见但最好变成 rule-transition token。 || turn_or_delayed_rule: 本回合/下回合/每当/回合开始类规则可见但还不是统一 temporal rule token。
CARD.BASH,痛击,ironclad,Basic,Attack,AnyEnemy,2,partial,damage|debuff|global_rule_power,damage|debuff,global_rule_power,,,apply_vulnerable|damage,"{""damage"": 8, ""vulnerable"": 2}","{""adds_keyword_or_modifier"": false, ""catalog_id"": ""bash"", ""class_name"": ""Bash"", ""commands"": [""Apply"", ""Attack""], ""creates_clone"": false, ""creates_specific_card"": false, ""dynamic_vars"": [""DamageVar"", ""DynamicVar"", ""PowerVar""], ""powers"": [""VulnerablePower""], ""sets_energy_cost"": false, ""sets_replay"": false, ""source_available"": true, ""source_path"": ""src/Core/Models/Cards/Bash.cs"", ""tags"": [""attack"", ""basic"", ""damage"", ""single_target"", ""vulnerable""], ""uses_card_select_from_hand"": false, ""uses_discard_pile"": false, ""uses_draw_pile"": false, ""uses_exhaust_pile"": false, ""uses_hand_pile"": false, ""uses_top_of_pile"": false, ""uses_upgrade_select_from_hand"": false}","造成8点伤害。
给予2层易伤。","[{""upgrade"": 1, ""description"": ""造成10点伤害。\n给予3层易伤。"", ""semanticTags"": [""apply_vulnerable"", ""damage""], ""semanticSignals"": {""damage"": 10, ""vulnerable"": 3}}]",global_rule_power: 腐化/黑暗之拥/怀旧等会改写未来规则；可见但最好变成 rule-transition token。
CARD.STRIKE_IRONCLAD,打击,ironclad,Basic,Attack,AnyEnemy,1,covered,damage,damage,,,,damage,"{""damage"": 6}","{""adds_keyword_or_modifier"": false, ""catalog_id"": ""strike_ironclad"", ""class_name"": ""StrikeIronclad"", ""commands"": [""Attack""], ""creates_clone"": false, ""creates_specific_card"": false, ""dynamic_vars"": [""DamageVar""], ""powers"": [], ""sets_energy_cost"": false, ""sets_replay"": false, ""source_available"": true, ""source_path"": ""src/Core/Models/Cards/StrikeIronclad.cs"", ""tags"": [""attack"", ""basic"", ""damage"", ""single_target"", ""strike_tag""], ""uses_card_select_from_hand"": false, ""uses_discard_pile"": false, ""uses_draw_pile"": false, ""uses_exhaust_pile"": false, ""uses_hand_pile"": false, ""uses_top_of_pile"": false, ""uses_upgrade_select_from_hand"": false}",造成6点伤害。,"[{""upgrade"": 1, ""description"": ""造成9点伤害。"", ""semanticTags"": [""damage""], ""semanticSignals"": {""damage"": 9}}]",
CARD.DEFEND_IRONCLAD,防御,ironclad,Basic,Skill,Self,1,covered,block,block,,,,block,"{""block"": 5}","{""adds_keyword_or_modifier"": false, ""catalog_id"": ""defend_ironclad"", ""class_name"": ""DefendIronclad"", ""commands"": [], ""creates_clone"": false, ""creates_specific_card"": false, ""dynamic_vars"": [""BlockVar""], ""powers"": [], ""sets_energy_cost"": false, ""sets_replay"": false, ""source_available"": true, ""source_path"": ""src/Core/Models/Cards/DefendIronclad.cs"", ""tags"": [""basic"", ""block"", ""defend_tag"", ""self_target"", ""skill""], ""uses_card_select_from_hand"": false, ""uses_discard_pile"": false, ""uses_draw_pile"": false, ""uses_exhaust_pile"": false, ""uses_hand_pile"": false, ""uses_top_of_pile"": false, ""uses_upgrade_select_from_hand"": false}",获得5点格挡。,"[{""upgrade"": 1, ""description"": ""获得8点格挡。"", ""semanticTags"": [""block""], ""semanticSignals"": {""block"": 8}}]",
CARD.ANGER,愤怒,ironclad,Common,Attack,AnyEnemy,0,gap,add_or_generate_card|copy_card|damage|discard_pile_dependency|effect_profile_granularity_gap|pile_fetch_reorder,damage,add_or_generate_card|copy_card|discard_pile_dependency|pile_fetch_reorder,effect_profile_granularity_gap,,damage|generate_card,"{""damage"": 6}","{""adds_keyword_or_modifier"": false, ""catalog_id"": ""anger"", ""class_name"": ""Anger"", ""commands"": [""AddGeneratedCardToCombat"", ""Attack"", ""PreviewCardPileAdd""], ""creates_clone"": true, ""creates_specific_card"": false, ""dynamic_vars"": [""DamageVar""], ""powers"": [], ""sets_energy_cost"": false, ""sets_replay"": false, ""source_available"": true, ""source_path"": ""src/Core/Models/Cards/Anger.cs"", ""tags"": [""attack"", ""common"", ""damage"", ""single_target""], ""uses_card_select_from_hand"": false, ""uses_discard_pile"": true, ""uses_draw_pile"": false, ""uses_exhaust_pile"": false, ""uses_hand_pile"": false, ""uses_top_of_pile"": false, ""uses_upgrade_select_from_hand"": false}","造成6点伤害。
将一张此牌的复制品加入你的弃牌堆。","[{""upgrade"": 1, ""description"": ""造成8点伤害。\n将一张此牌的复制品加入你的弃牌堆。"", ""semanticTags"": [""damage"", ""generate_card""], ""semanticSignals"": {""damage"": 8}}]",add_or_generate_card: 生成牌/加手牌可由 AddGeneratedCardToCombat 等内部命令定位，但生成池、费用和本回合免费等还需要更强 typed profile。 || copy_card: 复制目标牌可以从 CreateClone/AddGeneratedCardToCombat 等内部调用定位；仍需要 hand target transition profile。 || discard_pile_dependency: 弃牌堆取回/置顶可由注意力学，但缺显式 action->pile delta。 || effect_profile_granularity_gap: 已有 upgrade_card/exhaust_other/transform_card/AddGeneratedCardToCombat 等粗粒度内部 ID，但缺 zone/scope/filter/duration/destination/modifier/count 参数；不能靠描述文本正则补主路径。 || pile_fetch_reorder: 抽牌堆/弃牌堆/牌堆顶部信息可被注意力看到，也能从 PileType/CardPileCmd 内部调用定位；动作的 pile transition 仍不够结构化。
CARD.BODY_SLAM,全身撞击,ironclad,Common,Attack,AnyEnemy,1,gap,block|cost_modify|damage|effect_profile_granularity_gap,block|damage,cost_modify,effect_profile_granularity_gap,,,{},"{""adds_keyword_or_modifier"": false, ""catalog_id"": ""body_slam"", ""class_name"": ""BodySlam"", ""commands"": [""Attack""], ""creates_clone"": false, ""creates_specific_card"": false, ""dynamic_vars"": [""CalculatedDamageVar"", ""CalculationBaseVar"", ""DynamicVar"", ""ExtraDamageVar""], ""powers"": [], ""sets_energy_cost"": true, ""sets_replay"": false, ""source_available"": true, ""source_path"": ""src/Core/Models/Cards/BodySlam.cs"", ""tags"": [""attack"", ""common"", ""damage"", ""single_target""], ""uses_card_select_from_hand"": false, ""uses_discard_pile"": false, ""uses_draw_pile"": false, ""uses_exhaust_pile"": false, ""uses_hand_pile"": false, ""uses_top_of_pile"": false, ""uses_upgrade_select_from_hand"": false}",造成你当前格挡值的伤害。,"[{""upgrade"": 1, ""description"": ""造成你当前格挡值的伤害。"", ""semanticTags"": [], ""semanticSignals"": {}}]",cost_modify: EnergyCost.Set*/FreeAttackPower/CorruptionPower 等内部 ID 可定位；仍需目标范围、持续时间、后续可打价值 typed 化。 || effect_profile_granularity_gap: 已有 upgrade_card/exhaust_other/transform_card/AddGeneratedCardToCombat 等粗粒度内部 ID，但缺 zone/scope/filter/duration/destination/modifier/count 参数；不能靠描述文本正则补主路径。
CARD.BREAKTHROUGH,突破,ironclad,Common,Attack,AllEnemies,1,covered,damage|hp_or_self_cost|multi_hit_or_aoe,damage|hp_or_self_cost|multi_hit_or_aoe,,,,aoe|aoe_damage|hp_loss,"{""damage"": 9, ""hpLoss"": 1}","{""adds_keyword_or_modifier"": false, ""catalog_id"": ""breakthrough"", ""class_name"": ""Breakthrough"", ""commands"": [""Attack""], ""creates_clone"": false, ""creates_specific_card"": false, ""dynamic_vars"": [""DamageVar"", ""DynamicVar"", ""HpLossVar""], ""powers"": [], ""sets_energy_cost"": false, ""sets_replay"": false, ""source_available"": true, ""source_path"": ""src/Core/Models/Cards/Breakthrough.cs"", ""tags"": [""aoe"", ""attack"", ""common"", ""damage"", ""hp_loss""], ""uses_card_select_from_hand"": false, ""uses_discard_pile"": false, ""uses_draw_pile"": false, ""uses_exhaust_pile"": false, ""uses_hand_pile"": false, ""uses_top_of_pile"": false, ""uses_upgrade_select_from_hand"": false}","失去1点生命。
对所有敌人造成9点伤害。","[{""upgrade"": 1, ""description"": ""失去1点生命。\n对所有敌人造成13点伤害。"", ""semanticTags"": [""aoe"", ""aoe_damage"", ""hp_loss""], ""semanticSignals"": {""damage"": 13, ""hpLoss"": 1}}]",
CARD.CINDER,余烬,ironclad,Common,Attack,AnyEnemy,2,gap,damage|effect_profile_granularity_gap|exhaust_other_or_hand|random_or_choose|whole_hand_state,damage,exhaust_other_or_hand|random_or_choose|whole_hand_state,effect_profile_granularity_gap,,damage|exhaust_other|random,"{""damage"": 18}","{""adds_keyword_or_modifier"": false, ""catalog_id"": ""cinder"", ""class_name"": ""Cinder"", ""commands"": [""Attack"", ""Exhaust"", ""ShuffleIfNecessary""], ""creates_clone"": false, ""creates_specific_card"": false, ""dynamic_vars"": [""DamageVar"", ""DynamicVar""], ""powers"": [], ""sets_energy_cost"": false, ""sets_replay"": false, ""source_available"": true, ""source_path"": ""src/Core/Models/Cards/Cinder.cs"", ""tags"": [""attack"", ""common"", ""damage"", ""exhaust"", ""single_target""], ""uses_card_select_from_hand"": false, ""uses_discard_pile"": false, ""uses_draw_pile"": false, ""uses_exhaust_pile"": false, ""uses_hand_pile"": true, ""uses_top_of_pile"": false, ""uses_upgrade_select_from_hand"": false}","造成18点伤害。
随机消耗1张牌。","[{""upgrade"": 1, ""description"": ""造成24点伤害。\n随机消耗1张牌。"", ""semanticTags"": [""damage"", ""exhaust_other"", ""random""], ""semanticSignals"": {""damage"": 24}}]",effect_profile_granularity_gap: 已有 upgrade_card/exhaust_other/transform_card/AddGeneratedCardToCombat 等粗粒度内部 ID，但缺 zone/scope/filter/duration/destination/modifier/count 参数；不能靠描述文本正则补主路径。 || exhaust_other_or_hand: CardCmd.Exhaust 内部命令可定位；但选择目标/全手牌/随机目标需要 typed hand transition。 || random_or_choose: 随机/三选一结果不是确定 transition；模型能看到但缺分布式结果 profile。 || whole_hand_state: 可从 PileType.Hand + Upgrade/Transform/Exhaust/EnergyCost 等内部访问定位；仍需显式 hand-state transition。
CARD.HEADBUTT,头槌,ironclad,Common,Attack,AnyEnemy,1,gap,damage|discard_pile_dependency|draw|effect_profile_granularity_gap|pile_fetch_reorder,damage|draw,discard_pile_dependency|pile_fetch_reorder,effect_profile_granularity_gap,,damage,"{""damage"": 9}","{""adds_keyword_or_modifier"": false, ""catalog_id"": ""headbutt"", ""class_name"": ""Headbutt"", ""commands"": [""Add"", ""Attack""], ""creates_clone"": false, ""creates_specific_card"": false, ""dynamic_vars"": [""DamageVar""], ""powers"": [], ""sets_energy_cost"": false, ""sets_replay"": false, ""source_available"": true, ""source_path"": ""src/Core/Models/Cards/Headbutt.cs"", ""tags"": [""attack"", ""common"", ""damage"", ""single_target""], ""uses_card_select_from_hand"": false, ""uses_discard_pile"": true, ""uses_draw_pile"": true, ""uses_exhaust_pile"": false, ""uses_hand_pile"": false, ""uses_top_of_pile"": true, ""uses_upgrade_select_from_hand"": false}","造成9点伤害。
将你弃牌堆中的一张牌放到抽牌堆顶部。","[{""upgrade"": 1, ""description"": ""造成12点伤害。\n将你弃牌堆中的一张牌放到抽牌堆顶部。"", ""semanticTags"": [""damage""], ""semanticSignals"": {""damage"": 12}}]",discard_pile_dependency: 弃牌堆取回/置顶可由注意力学，但缺显式 action->pile delta。 || effect_profile_granularity_gap: 已有 upgrade_card/exhaust_other/transform_card/AddGeneratedCardToCombat 等粗粒度内部 ID，但缺 zone/scope/filter/duration/destination/modifier/count 参数；不能靠描述文本正则补主路径。 || pile_fetch_reorder: 抽牌堆/弃牌堆/牌堆顶部信息可被注意力看到，也能从 PileType/CardPileCmd 内部调用定位；动作的 pile transition 仍不够结构化。
CARD.IRON_WAVE,铁斩波,ironclad,Common,Attack,AnyEnemy,1,covered,block|damage,block|damage,,,,block|damage,"{""block"": 5, ""damage"": 5}","{""adds_keyword_or_modifier"": false, ""catalog_id"": ""iron_wave"", ""class_name"": ""IronWave"", ""commands"": [""Attack""], ""creates_clone"": false, ""creates_specific_card"": false, ""dynamic_vars"": [""BlockVar"", ""DamageVar"", ""DynamicVar""], ""powers"": [], ""sets_energy_cost"": false, ""sets_replay"": false, ""source_available"": true, ""source_path"": ""src/Core/Models/Cards/IronWave.cs"", ""tags"": [""attack"", ""block"", ""common"", ""damage"", ""single_target""], ""uses_card_select_from_hand"": false, ""uses_discard_pile"": false, ""uses_draw_pile"": false, ""uses_exhaust_pile"": false, ""uses_hand_pile"": false, ""uses_top_of_pile"": false, ""uses_upgrade_select_from_hand"": false}","获得5点格挡。
造成5点伤害。","[{""upgrade"": 1, ""description"": ""获得7点格挡。\n造成7点伤害。"", ""semanticTags"": [""block"", ""damage""], ""semanticSignals"": {""block"": 7, ""damage"": 7}}]",
CARD.MOLTEN_FIST,熔融之拳,ironclad,Common,Attack,AnyEnemy,1,partial,damage|debuff|exhaust_self|global_rule_power,damage|debuff|exhaust_self,global_rule_power,,Exhaust,apply_vulnerable|damage|exhaust_self,"{""damage"": 10}","{""adds_keyword_or_modifier"": false, ""catalog_id"": ""molten_fist"", ""class_name"": ""MoltenFist"", ""commands"": [""Apply"", ""Attack""], ""creates_clone"": false, ""creates_specific_card"": false, ""dynamic_vars"": [""DamageVar""], ""powers"": [""VulnerablePower""], ""sets_energy_cost"": false, ""sets_replay"": false, ""source_available"": true, ""source_path"": ""src/Core/Models/Cards/MoltenFist.cs"", ""tags"": [""attack"", ""common"", ""damage"", ""exhaust"", ""single_target"", ""vulnerable""], ""uses_card_select_from_hand"": false, ""uses_discard_pile"": false, ""uses_draw_pile"": false, ""uses_exhaust_pile"": false, ""uses_hand_pile"": false, ""uses_top_of_pile"": false, ""uses_upgrade_select_from_hand"": false}","造成10点伤害。
将该敌人身上的易伤层数翻倍。
消耗。","[{""upgrade"": 1, ""description"": ""造成14点伤害。\n将该敌人身上的易伤层数翻倍。\n消耗。"", ""semanticTags"": [""apply_vulnerable"", ""damage"", ""exhaust_self""], ""semanticSignals"": {""damage"": 14}}]",global_rule_power: 腐化/黑暗之拥/怀旧等会改写未来规则；可见但最好变成 rule-transition token。
CARD.PERFECTED_STRIKE,完美打击,ironclad,Common,Attack,AnyEnemy,2,covered,damage,damage,,,,damage,"{""damage"": 6}","{""adds_keyword_or_modifier"": false, ""catalog_id"": ""perfected_strike"", ""class_name"": ""PerfectedStrike"", ""commands"": [""Attack""], ""creates_clone"": false, ""creates_specific_card"": false, ""dynamic_vars"": [""CalculatedDamageVar"", ""CalculationBaseVar"", ""DynamicVar"", ""ExtraDamageVar""], ""powers"": [], ""sets_energy_cost"": false, ""sets_replay"": false, ""source_available"": true, ""source_path"": ""src/Core/Models/Cards/PerfectedStrike.cs"", ""tags"": [""attack"", ""common"", ""damage"", ""single_target"", ""strike_tag""], ""uses_card_select_from_hand"": false, ""uses_discard_pile"": false, ""uses_draw_pile"": false, ""uses_exhaust_pile"": false, ""uses_hand_pile"": false, ""uses_top_of_pile"": false, ""uses_upgrade_select_from_hand"": false}","造成6点伤害。
你每有一张名字中含有“打击”的牌，伤害+2。","[{""upgrade"": 1, ""description"": ""造成6点伤害。\n你每有一张名字中含有“打击”的牌，伤害+3。"", ""semanticTags"": [""damage""], ""semanticSignals"": {""damage"": 6}}]",
CARD.POMMEL_STRIKE,剑柄打击,ironclad,Common,Attack,AnyEnemy,1,covered,damage|draw,damage|draw,,,,damage|draw,"{""damage"": 9, ""draw"": 1}","{""adds_keyword_or_modifier"": false, ""catalog_id"": ""pommel_strike"", ""class_name"": ""PommelStrike"", ""commands"": [""Attack"", ""Draw""], ""creates_clone"": false, ""creates_specific_card"": false, ""dynamic_vars"": [""CardsVar"", ""DamageVar"", ""DynamicVar""], ""powers"": [], ""sets_energy_cost"": false, ""sets_replay"": false, ""source_available"": true, ""source_path"": ""src/Core/Models/Cards/PommelStrike.cs"", ""tags"": [""attack"", ""common"", ""damage"", ""draw"", ""single_target"", ""strike_tag""], ""uses_card_select_from_hand"": false, ""uses_discard_pile"": false, ""uses_draw_pile"": false, ""uses_exhaust_pile"": false, ""uses_hand_pile"": false, ""uses_top_of_pile"": false, ""uses_upgrade_select_from_hand"": false}","造成9点伤害。
抽1张牌。","[{""upgrade"": 1, ""description"": ""造成10点伤害。\n抽2张牌。"", ""semanticTags"": [""damage"", ""draw""], ""semanticSignals"": {""damage"": 10, ""draw"": 2}}]",
CARD.SETUP_STRIKE,预备打击,ironclad,Common,Attack,AnyEnemy,1,partial,buff_stats|damage|global_rule_power|turn_or_delayed_rule,buff_stats|damage,global_rule_power|turn_or_delayed_rule,,,damage|gain_strength,"{""damage"": 7, ""strengthGain"": 2}","{""adds_keyword_or_modifier"": false, ""catalog_id"": ""setup_strike"", ""class_name"": ""SetupStrike"", ""commands"": [""Apply"", ""Attack""], ""creates_clone"": false, ""creates_specific_card"": false, ""dynamic_vars"": [""DamageVar"", ""DynamicVar"", ""PowerVar""], ""powers"": [""SetupStrikePower"", ""StrengthPower""], ""sets_energy_cost"": false, ""sets_replay"": false, ""source_available"": true, ""source_path"": ""src/Core/Models/Cards/SetupStrike.cs"", ""tags"": [""attack"", ""common"", ""damage"", ""single_target"", ""strength"", ""strike_tag""], ""uses_card_select_from_hand"": false, ""uses_discard_pile"": false, ""uses_draw_pile"": false, ""uses_exhaust_pile"": false, ""uses_hand_pile"": false, ""uses_top_of_pile"": false, ""uses_upgrade_select_from_hand"": false}","造成7点伤害。
在本回合内获得2点力量。","[{""upgrade"": 1, ""description"": ""造成9点伤害。\n在本回合内获得3点力量。"", ""semanticTags"": [""damage"", ""gain_strength""], ""semanticSignals"": {""damage"": 9, ""strengthGain"": 3}}]",global_rule_power: 腐化/黑暗之拥/怀旧等会改写未来规则；可见但最好变成 rule-transition token。 || turn_or_delayed_rule: 本回合/下回合/每当/回合开始类规则可见但还不是统一 temporal rule token。
CARD.SWORD_BOOMERANG,飞剑回旋镖,ironclad,Common,Attack,RandomEnemy,1,partial,damage|multi_hit_or_aoe|random_or_choose,damage|multi_hit_or_aoe,random_or_choose,,,damage|multi_hit|random,"{""damage"": 3, ""hits"": 3}","{""adds_keyword_or_modifier"": false, ""catalog_id"": ""sword_boomerang"", ""class_name"": ""SwordBoomerang"", ""commands"": [""Attack""], ""creates_clone"": false, ""creates_specific_card"": false, ""dynamic_vars"": [""DamageVar"", ""DynamicVar"", ""RepeatVar""], ""powers"": [], ""sets_energy_cost"": false, ""sets_replay"": false, ""source_available"": true, ""source_path"": ""src/Core/Models/Cards/SwordBoomerang.cs"", ""tags"": [""attack"", ""common"", ""damage"", ""multi_hit"", ""random_target"", ""repeat""], ""uses_card_select_from_hand"": false, ""uses_discard_pile"": false, ""uses_draw_pile"": false, ""uses_exhaust_pile"": false, ""uses_hand_pile"": false, ""uses_top_of_pile"": false, ""uses_upgrade_select_from_hand"": false}",随机对敌人造成3点伤害3次。,"[{""upgrade"": 1, ""description"": ""随机对敌人造成3点伤害4次。"", ""semanticTags"": [""damage"", ""multi_hit"", ""random""], ""semanticSignals"": {""damage"": 3, ""hits"": 4}}]",random_or_choose: 随机/三选一结果不是确定 transition；模型能看到但缺分布式结果 profile。
CARD.THUNDERCLAP,闪电霹雳,ironclad,Common,Attack,AllEnemies,1,partial,damage|debuff|global_rule_power|multi_hit_or_aoe,damage|debuff|multi_hit_or_aoe,global_rule_power,,,aoe|aoe_damage|apply_vulnerable,"{""damage"": 4, ""vulnerable"": 1}","{""adds_keyword_or_modifier"": false, ""catalog_id"": ""thunderclap"", ""class_name"": ""Thunderclap"", ""commands"": [""Apply"", ""Attack""], ""creates_clone"": false, ""creates_specific_card"": false, ""dynamic_vars"": [""DamageVar"", ""DynamicVar"", ""PowerVar""], ""powers"": [""VulnerablePower""], ""sets_energy_cost"": false, ""sets_replay"": false, ""source_available"": true, ""source_path"": ""src/Core/Models/Cards/Thunderclap.cs"", ""tags"": [""aoe"", ""attack"", ""common"", ""damage"", ""vulnerable""], ""uses_card_select_from_hand"": false, ""uses_discard_pile"": false, ""uses_draw_pile"": false, ""uses_exhaust_pile"": false, ""uses_hand_pile"": false, ""uses_top_of_pile"": false, ""uses_upgrade_select_from_hand"": false}",对所有敌人造成4点伤害，给予1层易伤。,"[{""upgrade"": 1, ""description"": ""对所有敌人造成7点伤害，给予1层易伤。"", ""semanticTags"": [""aoe"", ""aoe_damage"", ""apply_vulnerable""], ""semanticSignals"": {""damage"": 7, ""vulnerable"": 1}}]",global_rule_power: 腐化/黑暗之拥/怀旧等会改写未来规则；可见但最好变成 rule-transition token。
CARD.TWIN_STRIKE,双重打击,ironclad,Common,Attack,AnyEnemy,1,covered,damage|multi_hit_or_aoe,damage|multi_hit_or_aoe,,,,damage|multi_hit,"{""damage"": 5, ""hits"": 2}","{""adds_keyword_or_modifier"": false, ""catalog_id"": ""twin_strike"", ""class_name"": ""TwinStrike"", ""commands"": [""Attack""], ""creates_clone"": false, ""creates_specific_card"": false, ""dynamic_vars"": [""DamageVar""], ""powers"": [], ""sets_energy_cost"": false, ""sets_replay"": false, ""source_available"": true, ""source_path"": ""src/Core/Models/Cards/TwinStrike.cs"", ""tags"": [""attack"", ""common"", ""damage"", ""multi_hit"", ""single_target"", ""strike_tag""], ""uses_card_select_from_hand"": false, ""uses_discard_pile"": false, ""uses_draw_pile"": false, ""uses_exhaust_pile"": false, ""uses_hand_pile"": false, ""uses_top_of_pile"": false, ""uses_upgrade_select_from_hand"": false}",造成5点伤害两次。,"[{""upgrade"": 1, ""description"": ""造成7点伤害两次。"", ""semanticTags"": [""damage"", ""multi_hit""], ""semanticSignals"": {""damage"": 7, ""hits"": 2}}]",
CARD.ARMAMENTS,武装,ironclad,Common,Skill,Self,1,gap,block|effect_profile_granularity_gap|random_or_choose|upgrade_card|whole_hand_state,block,random_or_choose|upgrade_card|whole_hand_state,effect_profile_granularity_gap,,block|upgrade_card,"{""block"": 5}","{""adds_keyword_or_modifier"": false, ""catalog_id"": ""armaments"", ""class_name"": ""Armaments"", ""commands"": [""Upgrade""], ""creates_clone"": false, ""creates_specific_card"": false, ""dynamic_vars"": [""BlockVar""], ""powers"": [], ""sets_energy_cost"": false, ""sets_replay"": false, ""source_available"": true, ""source_path"": ""src/Core/Models/Cards/Armaments.cs"", ""tags"": [""block"", ""common"", ""self_target"", ""skill"", ""upgrade_card""], ""uses_card_select_from_hand"": true, ""uses_discard_pile"": false, ""uses_draw_pile"": false, ""uses_exhaust_pile"": false, ""uses_hand_pile"": true, ""uses_top_of_pile"": false, ""uses_upgrade_select_from_hand"": true}","获得5点格挡。
升级你手牌中的一张牌。","[{""upgrade"": 1, ""description"": ""获得5点格挡。\n升级你手牌中的所有牌。"", ""semanticTags"": [""block"", ""upgrade_all""], ""semanticSignals"": {""block"": 5}}]",effect_profile_granularity_gap: 已有 upgrade_card/exhaust_other/transform_card/AddGeneratedCardToCombat 等粗粒度内部 ID，但缺 zone/scope/filter/duration/destination/modifier/count 参数；不能靠描述文本正则补主路径。 || random_or_choose: 随机/三选一结果不是确定 transition；模型能看到但缺分布式结果 profile。 || upgrade_card: 已有 upgrade_card tag / CardCmd.Upgrade 内部命令；缺 zone/scope/filter/selection 等结构参数。 || whole_hand_state: 可从 PileType.Hand + Upgrade/Transform/Exhaust/EnergyCost 等内部访问定位；仍需显式 hand-state transition。
CARD.BLOODLETTING,放血,ironclad,Common,Skill,Self,0,covered,energy_gain|hp_or_self_cost,energy_gain|hp_or_self_cost,,,,gain_energy|hp_loss,"{""energyGain"": 2, ""hpLoss"": 3}","{""adds_keyword_or_modifier"": false, ""catalog_id"": ""bloodletting"", ""class_name"": ""Bloodletting"", ""commands"": [""GainEnergy""], ""creates_clone"": false, ""creates_specific_card"": false, ""dynamic_vars"": [""DynamicVar"", ""EnergyVar"", ""HpLossVar""], ""powers"": [], ""sets_energy_cost"": false, ""sets_replay"": false, ""source_available"": true, ""source_path"": ""src/Core/Models/Cards/Bloodletting.cs"", ""tags"": [""common"", ""energy_gen"", ""hp_loss"", ""self_target"", ""skill""], ""uses_card_select_from_hand"": false, ""uses_discard_pile"": false, ""uses_draw_pile"": false, ""uses_exhaust_pile"": false, ""uses_hand_pile"": false, ""uses_top_of_pile"": false, ""uses_upgrade_select_from_hand"": false}","失去3点生命。
获得2点能量。","[{""upgrade"": 1, ""description"": ""失去3点生命。\n获得3点能量。"", ""semanticTags"": [""gain_energy"", ""hp_loss""], ""semanticSignals"": {""energyGain"": 3, ""hpLoss"": 3}}]",
CARD.BLOOD_WALL,血墙,ironclad,Common,Skill,Self,2,covered,block|hp_or_self_cost,block|hp_or_self_cost,,,,block|hp_loss,"{""block"": 16, ""hpLoss"": 2}","{""adds_keyword_or_modifier"": false, ""catalog_id"": ""blood_wall"", ""class_name"": ""BloodWall"", ""commands"": [], ""creates_clone"": false, ""creates_specific_card"": false, ""dynamic_vars"": [""BlockVar"", ""DynamicVar"", ""HpLossVar""], ""powers"": [], ""sets_energy_cost"": false, ""sets_replay"": false, ""source_available"": true, ""source_path"": ""src/Core/Models/Cards/BloodWall.cs"", ""tags"": [""block"", ""common"", ""hp_loss"", ""self_target"", ""skill""], ""uses_card_select_from_hand"": false, ""uses_discard_pile"": false, ""uses_draw_pile"": false, ""uses_exhaust_pile"": false, ""uses_hand_pile"": false, ""uses_top_of_pile"": false, ""uses_upgrade_select_from_hand"": false}","失去2点生命。
获得16点格挡。","[{""upgrade"": 1, ""description"": ""失去2点生命。\n获得20点格挡。"", ""semanticTags"": [""block"", ""hp_loss""], ""semanticSignals"": {""block"": 20, ""hpLoss"": 2}}]",
CARD.HAVOC,破灭,ironclad,Common,Skill,Self,1,gap,cost_modify|draw|effect_profile_granularity_gap|exhaust_other_or_hand|exhaust_self|pile_fetch_reorder|play_top_or_autoplay,draw|exhaust_self,cost_modify|exhaust_other_or_hand|pile_fetch_reorder|play_top_or_autoplay,effect_profile_granularity_gap,,exhaust_other|exhaust_self,{},"{""adds_keyword_or_modifier"": false, ""catalog_id"": ""havoc"", ""class_name"": ""Havoc"", ""commands"": [""AutoPlayFromDrawPile""], ""creates_clone"": false, ""creates_specific_card"": false, ""dynamic_vars"": [], ""powers"": [], ""sets_energy_cost"": true, ""sets_replay"": false, ""source_available"": true, ""source_path"": ""src/Core/Models/Cards/Havoc.cs"", ""tags"": [""common"", ""exhaust"", ""self_target"", ""skill""], ""uses_card_select_from_hand"": false, ""uses_discard_pile"": false, ""uses_draw_pile"": false, ""uses_exhaust_pile"": false, ""uses_hand_pile"": false, ""uses_top_of_pile"": true, ""uses_upgrade_select_from_hand"": false}",打出抽牌堆顶部的牌并将其消耗。,"[{""upgrade"": 1, ""description"": ""打出抽牌堆顶部的牌并将其消耗。"", ""semanticTags"": [""exhaust_other"", ""exhaust_self""], ""semanticSignals"": {}}]",cost_modify: EnergyCost.Set*/FreeAttackPower/CorruptionPower 等内部 ID 可定位；仍需目标范围、持续时间、后续可打价值 typed 化。 || effect_profile_granularity_gap: 已有 upgrade_card/exhaust_other/transform_card/AddGeneratedCardToCombat 等粗粒度内部 ID，但缺 zone/scope/filter/duration/destination/modifier/count 参数；不能靠描述文本正则补主路径。 || exhaust_other_or_hand: CardCmd.Exhaust 内部命令可定位；但选择目标/全手牌/随机目标需要 typed hand transition。 || pile_fetch_reorder: 抽牌堆/弃牌堆/牌堆顶部信息可被注意力看到，也能从 PileType/CardPileCmd 内部调用定位；动作的 pile transition 仍不够结构化。 || play_top_or_autoplay: 破灭/倾泻/自动打出类可见，但缺打出目标、消耗去向、连锁结果的 typed lookahead。
CARD.SHRUG_IT_OFF,耸肩无视,ironclad,Common,Skill,Self,1,covered,block|draw,block|draw,,,,block|draw,"{""block"": 8, ""draw"": 1}","{""adds_keyword_or_modifier"": false, ""catalog_id"": ""shrug_it_off"", ""class_name"": ""ShrugItOff"", ""commands"": [""Draw""], ""creates_clone"": false, ""creates_specific_card"": false, ""dynamic_vars"": [""BlockVar"", ""CardsVar"", ""DynamicVar""], ""powers"": [], ""sets_energy_cost"": false, ""sets_replay"": false, ""source_available"": true, ""source_path"": ""src/Core/Models/Cards/ShrugItOff.cs"", ""tags"": [""block"", ""common"", ""draw"", ""self_target"", ""skill""], ""uses_card_select_from_hand"": false, ""uses_discard_pile"": false, ""uses_draw_pile"": false, ""uses_exhaust_pile"": false, ""uses_hand_pile"": false, ""uses_top_of_pile"": false, ""uses_upgrade_select_from_hand"": false}","获得8点格挡。
抽1张牌。","[{""upgrade"": 1, ""description"": ""获得11点格挡。\n抽1张牌。"", ""semanticTags"": [""block"", ""draw""], ""semanticSignals"": {""block"": 11, ""draw"": 1}}]",
CARD.TREMBLE,战栗,ironclad,Common,Skill,AnyEnemy,1,partial,debuff|exhaust_self|global_rule_power,debuff|exhaust_self,global_rule_power,,Exhaust,apply_vulnerable|exhaust_self,"{""vulnerable"": 3}","{""adds_keyword_or_modifier"": false, ""catalog_id"": ""tremble"", ""class_name"": ""Tremble"", ""commands"": [""Apply""], ""creates_clone"": false, ""creates_specific_card"": false, ""dynamic_vars"": [""PowerVar""], ""powers"": [""VulnerablePower""], ""sets_energy_cost"": false, ""sets_replay"": false, ""source_available"": true, ""source_path"": ""src/Core/Models/Cards/Tremble.cs"", ""tags"": [""common"", ""single_target"", ""skill"", ""vulnerable""], ""uses_card_select_from_hand"": false, ""uses_discard_pile"": false, ""uses_draw_pile"": false, ""uses_exhaust_pile"": false, ""uses_hand_pile"": false, ""uses_top_of_pile"": false, ""uses_upgrade_select_from_hand"": false}","给予3层易伤。
消耗。","[{""upgrade"": 1, ""description"": ""给予4层易伤。\n消耗。"", ""semanticTags"": [""apply_vulnerable"", ""exhaust_self""], ""semanticSignals"": {""vulnerable"": 4}}]",global_rule_power: 腐化/黑暗之拥/怀旧等会改写未来规则；可见但最好变成 rule-transition token。
CARD.TRUE_GRIT,坚毅,ironclad,Common,Skill,Self,1,gap,block|effect_profile_granularity_gap|exhaust_other_or_hand|random_or_choose|whole_hand_state,block,exhaust_other_or_hand|random_or_choose|whole_hand_state,effect_profile_granularity_gap,,block|exhaust_other|random,"{""block"": 7}","{""adds_keyword_or_modifier"": false, ""catalog_id"": ""true_grit"", ""class_name"": ""TrueGrit"", ""commands"": [""Exhaust""], ""creates_clone"": false, ""creates_specific_card"": false, ""dynamic_vars"": [""BlockVar""], ""powers"": [], ""sets_energy_cost"": false, ""sets_replay"": false, ""source_available"": true, ""source_path"": ""src/Core/Models/Cards/TrueGrit.cs"", ""tags"": [""block"", ""common"", ""exhaust"", ""self_target"", ""skill""], ""uses_card_select_from_hand"": true, ""uses_discard_pile"": false, ""uses_draw_pile"": false, ""uses_exhaust_pile"": false, ""uses_hand_pile"": true, ""uses_top_of_pile"": false, ""uses_upgrade_select_from_hand"": false}","获得7点格挡。
随机消耗1张牌。","[{""upgrade"": 1, ""description"": ""获得9点格挡。\n消耗1张牌。"", ""semanticTags"": [""block"", ""exhaust_other""], ""semanticSignals"": {""block"": 9}}]",effect_profile_granularity_gap: 已有 upgrade_card/exhaust_other/transform_card/AddGeneratedCardToCombat 等粗粒度内部 ID，但缺 zone/scope/filter/duration/destination/modifier/count 参数；不能靠描述文本正则补主路径。 || exhaust_other_or_hand: CardCmd.Exhaust 内部命令可定位；但选择目标/全手牌/随机目标需要 typed hand transition。 || random_or_choose: 随机/三选一结果不是确定 transition；模型能看到但缺分布式结果 profile。 || whole_hand_state: 可从 PileType.Hand + Upgrade/Transform/Exhaust/EnergyCost 等内部访问定位；仍需显式 hand-state transition。
CARD.CLASH,交锋,ironclad,Event,Attack,AnyEnemy,0,covered,damage,damage,,,,damage,"{""damage"": 14}","{""adds_keyword_or_modifier"": false, ""catalog_id"": ""clash"", ""class_name"": ""Clash"", ""commands"": [""Attack""], ""creates_clone"": false, ""creates_specific_card"": false, ""dynamic_vars"": [""DamageVar""], ""powers"": [], ""sets_energy_cost"": false, ""sets_replay"": false, ""source_available"": true, ""source_path"": ""src/Core/Models/Cards/Clash.cs"", ""tags"": [""attack"", ""damage"", ""single_target""], ""uses_card_select_from_hand"": false, ""uses_discard_pile"": false, ""uses_draw_pile"": false, ""uses_exhaust_pile"": false, ""uses_hand_pile"": true, ""uses_top_of_pile"": false, ""uses_upgrade_select_from_hand"": false}","只有在手牌中每一张牌都是攻击牌时才能被打出。
造成14点伤害。","[{""upgrade"": 1, ""description"": ""只有在手牌中每一张牌都是攻击牌时才能被打出。\n造成18点伤害。"", ""semanticTags"": [""damage""], ""semanticSignals"": {""damage"": 18}}]",
CARD.DUAL_WIELD,双持,ironclad,Event,Skill,Self,1,gap,add_or_generate_card|copy_card|draw|effect_profile_granularity_gap|random_or_choose|whole_hand_state,draw,add_or_generate_card|copy_card|random_or_choose|whole_hand_state,effect_profile_granularity_gap,,add_to_hand|generate_card,"{""cardsToHand"": 1}","{""adds_keyword_or_modifier"": false, ""catalog_id"": ""dual_wield"", ""class_name"": ""DualWield"", ""commands"": [""AddGeneratedCardToCombat""], ""creates_clone"": true, ""creates_specific_card"": false, ""dynamic_vars"": [""CardsVar""], ""powers"": [], ""sets_energy_cost"": false, ""sets_replay"": false, ""source_available"": true, ""source_path"": ""src/Core/Models/Cards/DualWield.cs"", ""tags"": [""draw"", ""self_target"", ""skill""], ""uses_card_select_from_hand"": true, ""uses_discard_pile"": false, ""uses_draw_pile"": false, ""uses_exhaust_pile"": false, ""uses_hand_pile"": true, ""uses_top_of_pile"": false, ""uses_upgrade_select_from_hand"": false}",选择一张攻击牌或能力牌。将一张此牌的复制品加入你的手牌。,"[{""upgrade"": 1, ""description"": ""选择一张攻击牌或能力牌。将2张此牌的复制品加入你的手牌。"", ""semanticTags"": [""add_to_hand"", ""generate_card""], ""semanticSignals"": {""cardsToHand"": 2}}]",add_or_generate_card: 生成牌/加手牌可由 AddGeneratedCardToCombat 等内部命令定位，但生成池、费用和本回合免费等还需要更强 typed profile。 || copy_card: 复制目标牌可以从 CreateClone/AddGeneratedCardToCombat 等内部调用定位；仍需要 hand target transition profile。 || effect_profile_granularity_gap: 已有 upgrade_card/exhaust_other/transform_card/AddGeneratedCardToCombat 等粗粒度内部 ID，但缺 zone/scope/filter/duration/destination/modifier/count 参数；不能靠描述文本正则补主路径。 || random_or_choose: 随机/三选一结果不是确定 transition；模型能看到但缺分布式结果 profile。 || whole_hand_state: 可从 PileType.Hand + Upgrade/Transform/Exhaust/EnergyCost 等内部访问定位；仍需显式 hand-state transition。
CARD.ENTRENCH,巩固,ironclad,Event,Skill,Self,2,gap,block|cost_modify|effect_profile_granularity_gap,block,cost_modify,effect_profile_granularity_gap,,,{},"{""adds_keyword_or_modifier"": false, ""catalog_id"": ""entrench"", ""class_name"": ""Entrench"", ""commands"": [], ""creates_clone"": false, ""creates_specific_card"": false, ""dynamic_vars"": [], ""powers"": [], ""sets_energy_cost"": true, ""sets_replay"": false, ""source_available"": true, ""source_path"": ""src/Core/Models/Cards/Entrench.cs"", ""tags"": [""self_target"", ""skill""], ""uses_card_select_from_hand"": false, ""uses_discard_pile"": false, ""uses_draw_pile"": false, ""uses_exhaust_pile"": false, ""uses_hand_pile"": false, ""uses_top_of_pile"": false, ""uses_upgrade_select_from_hand"": false}",将你当前的格挡翻倍。,"[{""upgrade"": 1, ""description"": ""将你当前的格挡翻倍。"", ""semanticTags"": [], ""semanticSignals"": {}}]",cost_modify: EnergyCost.Set*/FreeAttackPower/CorruptionPower 等内部 ID 可定位；仍需目标范围、持续时间、后续可打价值 typed 化。 || effect_profile_granularity_gap: 已有 upgrade_card/exhaust_other/transform_card/AddGeneratedCardToCombat 等粗粒度内部 ID，但缺 zone/scope/filter/duration/destination/modifier/count 参数；不能靠描述文本正则补主路径。
CARD.CONFLAGRATION,焚烧,ironclad,Rare,Attack,AllEnemies,1,partial,damage|multi_hit_or_aoe|turn_or_delayed_rule,damage|multi_hit_or_aoe,turn_or_delayed_rule,,,aoe|aoe_damage,"{""damage"": 8}","{""adds_keyword_or_modifier"": false, ""catalog_id"": ""conflagration"", ""class_name"": ""Conflagration"", ""commands"": [""Attack""], ""creates_clone"": false, ""creates_specific_card"": false, ""dynamic_vars"": [""CalculatedDamageVar"", ""CalculationBaseVar"", ""DynamicVar"", ""ExtraDamageVar""], ""powers"": [], ""sets_energy_cost"": false, ""sets_replay"": false, ""source_available"": true, ""source_path"": ""src/Core/Models/Cards/Conflagration.cs"", ""tags"": [""aoe"", ""attack"", ""damage"", ""rare""], ""uses_card_select_from_hand"": false, ""uses_discard_pile"": false, ""uses_draw_pile"": false, ""uses_exhaust_pile"": false, ""uses_hand_pile"": false, ""uses_top_of_pile"": false, ""uses_upgrade_select_from_hand"": false}","对所有敌人造成8点伤害。
你在本回合中每打出过一张其他攻击牌，这张牌的伤害就提升2点。","[{""upgrade"": 1, ""description"": ""对所有敌人造成9点伤害。\n你在本回合中每打出过一张其他攻击牌，这张牌的伤害就提升3点。"", ""semanticTags"": [""aoe"", ""aoe_damage""], ""semanticSignals"": {""damage"": 9}}]",turn_or_delayed_rule: 本回合/下回合/每当/回合开始类规则可见但还不是统一 temporal rule token。
CARD.FEED,狂宴,ironclad,Rare,Attack,AnyEnemy,1,covered,damage|exhaust_self|heal_or_max_hp|hp_or_self_cost,damage|exhaust_self|heal_or_max_hp|hp_or_self_cost,,,Exhaust,damage|exhaust_self,"{""damage"": 10}","{""adds_keyword_or_modifier"": false, ""catalog_id"": ""feed"", ""class_name"": ""Feed"", ""commands"": [""Attack""], ""creates_clone"": false, ""creates_specific_card"": false, ""dynamic_vars"": [""DamageVar"", ""DynamicVar"", ""MaxHpVar""], ""powers"": [], ""sets_energy_cost"": false, ""sets_replay"": false, ""source_available"": true, ""source_path"": ""src/Core/Models/Cards/Feed.cs"", ""tags"": [""attack"", ""damage"", ""exhaust"", ""max_hp_change"", ""rare"", ""single_target""], ""uses_card_select_from_hand"": false, ""uses_discard_pile"": false, ""uses_draw_pile"": false, ""uses_exhaust_pile"": false, ""uses_hand_pile"": false, ""uses_top_of_pile"": false, ""uses_upgrade_select_from_hand"": false}","造成10点伤害。
斩杀时，永久获得3点最大生命值。
消耗。","[{""upgrade"": 1, ""description"": ""造成12点伤害。\n斩杀时，永久获得4点最大生命值。\n消耗。"", ""semanticTags"": [""damage"", ""exhaust_self""], ""semanticSignals"": {""damage"": 12}}]",
CARD.FIEND_FIRE,恶魔之焰,ironclad,Rare,Attack,AnyEnemy,2,gap,damage|effect_profile_granularity_gap|exhaust_other_or_hand|exhaust_self|whole_hand_state,damage|exhaust_self,exhaust_other_or_hand|whole_hand_state,effect_profile_granularity_gap,Exhaust,damage|exhaust_self,"{""damage"": 7}","{""adds_keyword_or_modifier"": false, ""catalog_id"": ""fiend_fire"", ""class_name"": ""FiendFire"", ""commands"": [""Attack"", ""Exhaust""], ""creates_clone"": false, ""creates_specific_card"": false, ""dynamic_vars"": [""DamageVar""], ""powers"": [], ""sets_energy_cost"": false, ""sets_replay"": false, ""source_available"": true, ""source_path"": ""src/Core/Models/Cards/FiendFire.cs"", ""tags"": [""attack"", ""damage"", ""exhaust"", ""multi_hit"", ""rare"", ""single_target""], ""uses_card_select_from_hand"": false, ""uses_discard_pile"": false, ""uses_draw_pile"": false, ""uses_exhaust_pile"": false, ""uses_hand_pile"": true, ""uses_top_of_pile"": false, ""uses_upgrade_select_from_hand"": false}","消耗所有手牌。
每张被消耗的牌造成7点伤害。
消耗。","[{""upgrade"": 1, ""description"": ""消耗所有手牌。\n每张被消耗的牌造成10点伤害。\n消耗。"", ""semanticTags"": [""damage"", ""exhaust_self""], ""semanticSignals"": {""damage"": 10}}]",effect_profile_granularity_gap: 已有 upgrade_card/exhaust_other/transform_card/AddGeneratedCardToCombat 等粗粒度内部 ID，但缺 zone/scope/filter/duration/destination/modifier/count 参数；不能靠描述文本正则补主路径。 || exhaust_other_or_hand: CardCmd.Exhaust 内部命令可定位；但选择目标/全手牌/随机目标需要 typed hand transition。 || whole_hand_state: 可从 PileType.Hand + Upgrade/Transform/Exhaust/EnergyCost 等内部访问定位；仍需显式 hand-state transition。
CARD.MANGLE,凌虐,ironclad,Rare,Attack,AnyEnemy,3,partial,buff_stats|damage|global_rule_power|hp_or_self_cost|turn_or_delayed_rule,buff_stats|damage|hp_or_self_cost,global_rule_power|turn_or_delayed_rule,,,damage,"{""damage"": 15}","{""adds_keyword_or_modifier"": false, ""catalog_id"": ""mangle"", ""class_name"": ""Mangle"", ""commands"": [""Apply"", ""Attack""], ""creates_clone"": false, ""creates_specific_card"": false, ""dynamic_vars"": [""DamageVar"", ""DynamicVar""], ""powers"": [""ManglePower"", ""StrengthPower""], ""sets_energy_cost"": false, ""sets_replay"": false, ""source_available"": true, ""source_path"": ""src/Core/Models/Cards/Mangle.cs"", ""tags"": [""attack"", ""damage"", ""rare"", ""single_target""], ""uses_card_select_from_hand"": false, ""uses_discard_pile"": false, ""uses_draw_pile"": false, ""uses_exhaust_pile"": false, ""uses_hand_pile"": false, ""uses_top_of_pile"": false, ""uses_upgrade_select_from_hand"": false}","造成15点伤害。
敌人在本回合失去10点力量。","[{""upgrade"": 1, ""description"": ""造成20点伤害。\n敌人在本回合失去15点力量。"", ""semanticTags"": [""damage""], ""semanticSignals"": {""damage"": 20}}]",global_rule_power: 腐化/黑暗之拥/怀旧等会改写未来规则；可见但最好变成 rule-transition token。 || turn_or_delayed_rule: 本回合/下回合/每当/回合开始类规则可见但还不是统一 temporal rule token。
CARD.PACTS_END,契约终结,ironclad,Rare,Attack,AllEnemies,0,partial,damage|draw|exhaust_pile_dependency|multi_hit_or_aoe,damage|draw|multi_hit_or_aoe,exhaust_pile_dependency,,,aoe|aoe_damage,"{""damage"": 17}","{""adds_keyword_or_modifier"": false, ""catalog_id"": ""pacts_end"", ""class_name"": ""PactsEnd"", ""commands"": [""Attack""], ""creates_clone"": false, ""creates_specific_card"": false, ""dynamic_vars"": [""CardsVar"", ""DamageVar"", ""DynamicVar""], ""powers"": [], ""sets_energy_cost"": false, ""sets_replay"": false, ""source_available"": true, ""source_path"": ""src/Core/Models/Cards/PactsEnd.cs"", ""tags"": [""aoe"", ""attack"", ""damage"", ""draw"", ""rare""], ""uses_card_select_from_hand"": false, ""uses_discard_pile"": false, ""uses_draw_pile"": false, ""uses_exhaust_pile"": true, ""uses_hand_pile"": false, ""uses_top_of_pile"": false, ""uses_upgrade_select_from_hand"": false}","只有在你的消耗牌堆拥有大于等于3张牌的时候才能被打出。
对所有敌人造成17点伤害。","[{""upgrade"": 1, ""description"": ""只有在你的消耗牌堆拥有大于等于3张牌的时候才能被打出。\n对所有敌人造成23点伤害。"", ""semanticTags"": [""aoe"", ""aoe_damage""], ""semanticSignals"": {""damage"": 23}}]",exhaust_pile_dependency: 消耗牌堆数量/本回合消耗条件可从状态推断，但卡牌依赖关系缺显式字段。
CARD.TEAR_ASUNDER,扯碎,ironclad,Rare,Attack,AnyEnemy,2,covered,damage|hp_or_self_cost,damage|hp_or_self_cost,,,,damage,"{""damage"": 5}","{""adds_keyword_or_modifier"": false, ""catalog_id"": ""tear_asunder"", ""class_name"": ""TearAsunder"", ""commands"": [""Attack""], ""creates_clone"": false, ""creates_specific_card"": false, ""dynamic_vars"": [""CalculatedVar"", ""CalculationBaseVar"", ""CalculationExtraVar"", ""DamageVar"", ""DynamicVar"", ""RepeatVar""], ""powers"": [], ""sets_energy_cost"": false, ""sets_replay"": false, ""source_available"": true, ""source_path"": ""src/Core/Models/Cards/TearAsunder.cs"", ""tags"": [""attack"", ""damage"", ""multi_hit"", ""rare"", ""repeat"", ""single_target""], ""uses_card_select_from_hand"": false, ""uses_discard_pile"": false, ""uses_draw_pile"": false, ""uses_exhaust_pile"": false, ""uses_hand_pile"": false, ""uses_top_of_pile"": false, ""uses_upgrade_select_from_hand"": false}","造成5点伤害。
在本场战斗中，你每失去过一次生命值，这张牌就额外造成一次伤害。","[{""upgrade"": 1, ""description"": ""造成7点伤害。\n在本场战斗中，你每失去过一次生命值，这张牌就额外造成一次伤害。"", ""semanticTags"": [""damage""], ""semanticSignals"": {""damage"": 7}}]",
CARD.THRASH,痛殴,ironclad,Rare,Attack,AnyEnemy,1,gap,damage|effect_profile_granularity_gap|exhaust_other_or_hand|multi_hit_or_aoe|random_or_choose|whole_hand_state,damage|multi_hit_or_aoe,exhaust_other_or_hand|random_or_choose|whole_hand_state,effect_profile_granularity_gap,,damage|multi_hit|random,"{""damage"": 4, ""hits"": 2}","{""adds_keyword_or_modifier"": false, ""catalog_id"": ""thrash"", ""class_name"": ""Thrash"", ""commands"": [""Attack"", ""Exhaust""], ""creates_clone"": false, ""creates_specific_card"": false, ""dynamic_vars"": [""DamageVar""], ""powers"": [], ""sets_energy_cost"": false, ""sets_replay"": false, ""source_available"": true, ""source_path"": ""src/Core/Models/Cards/Thrash.cs"", ""tags"": [""attack"", ""damage"", ""exhaust"", ""multi_hit"", ""rare"", ""single_target""], ""uses_card_select_from_hand"": false, ""uses_discard_pile"": false, ""uses_draw_pile"": false, ""uses_exhaust_pile"": false, ""uses_hand_pile"": true, ""uses_top_of_pile"": false, ""uses_upgrade_select_from_hand"": false}","造成4点伤害两次。
消耗你的手牌中随机一张攻击牌，并将它的伤害添加给这张牌。","[{""upgrade"": 1, ""description"": ""造成6点伤害两次。\n消耗你的手牌中随机一张攻击牌，并将它的伤害添加给这张牌。"", ""semanticTags"": [""damage"", ""multi_hit"", ""random""], ""semanticSignals"": {""damage"": 6, ""hits"": 2}}]",effect_profile_granularity_gap: 已有 upgrade_card/exhaust_other/transform_card/AddGeneratedCardToCombat 等粗粒度内部 ID，但缺 zone/scope/filter/duration/destination/modifier/count 参数；不能靠描述文本正则补主路径。 || exhaust_other_or_hand: CardCmd.Exhaust 内部命令可定位；但选择目标/全手牌/随机目标需要 typed hand transition。 || random_or_choose: 随机/三选一结果不是确定 transition；模型能看到但缺分布式结果 profile。 || whole_hand_state: 可从 PileType.Hand + Upgrade/Transform/Exhaust/EnergyCost 等内部访问定位；仍需显式 hand-state transition。
CARD.AGGRESSION,好勇斗狠,ironclad,Rare,Power,Self,1,gap,add_or_generate_card|card_modifier_or_enchantment|discard_pile_dependency|effect_profile_granularity_gap|global_rule_power|pile_fetch_reorder|random_or_choose|turn_or_delayed_rule|upgrade_card|whole_hand_state,,add_or_generate_card|card_modifier_or_enchantment|discard_pile_dependency|global_rule_power|pile_fetch_reorder|random_or_choose|turn_or_delayed_rule|upgrade_card|whole_hand_state,effect_profile_granularity_gap,,add_to_hand|random|upgrade_card,{},"{""adds_keyword_or_modifier"": true, ""catalog_id"": ""aggression"", ""class_name"": ""Aggression"", ""commands"": [""Apply""], ""creates_clone"": false, ""creates_specific_card"": false, ""dynamic_vars"": [], ""powers"": [""AggressionPower""], ""sets_energy_cost"": false, ""sets_replay"": false, ""source_available"": true, ""source_path"": ""src/Core/Models/Cards/Aggression.cs"", ""tags"": [""innate"", ""power"", ""rare"", ""self_target""], ""uses_card_select_from_hand"": false, ""uses_discard_pile"": false, ""uses_draw_pile"": false, ""uses_exhaust_pile"": false, ""uses_hand_pile"": false, ""uses_top_of_pile"": false, ""uses_upgrade_select_from_hand"": false}",在你的回合开始时，将你弃牌堆的一张随机攻击牌放入你的手牌并将其升级。,"[{""upgrade"": 1, ""description"": ""固有。\n在你的回合开始时，将你弃牌堆的一张随机攻击牌放入你的手牌并将其升级。"", ""semanticTags"": [""add_to_hand"", ""innate"", ""random"", ""upgrade_card""], ""semanticSignals"": {}}]",add_or_generate_card: 生成牌/加手牌可由 AddGeneratedCardToCombat 等内部命令定位，但生成池、费用和本回合免费等还需要更强 typed profile。 || card_modifier_or_enchantment: 已有 runtime 附魔/腐化/重放解析；但“给另一张牌添加附魔”的预效果仍需 typed 化。 || discard_pile_dependency: 弃牌堆取回/置顶可由注意力学，但缺显式 action->pile delta。 || effect_profile_granularity_gap: 已有 upgrade_card/exhaust_other/transform_card/AddGeneratedCardToCombat 等粗粒度内部 ID，但缺 zone/scope/filter/duration/destination/modifier/count 参数；不能靠描述文本正则补主路径。 || global_rule_power: 腐化/黑暗之拥/怀旧等会改写未来规则；可见但最好变成 rule-transition token。 || pile_fetch_reorder: 抽牌堆/弃牌堆/牌堆顶部信息可被注意力看到，也能从 PileType/CardPileCmd 内部调用定位；动作的 pile transition 仍不够结构化。 || random_or_choose: 随机/三选一结果不是确定 transition；模型能看到但缺分布式结果 profile。 || turn_or_delayed_rule: 本回合/下回合/每当/回合开始类规则可见但还不是统一 temporal rule token。 || upgrade_card: 已有 upgrade_card tag / CardCmd.Upgrade 内部命令；缺 zone/scope/filter/selection 等结构参数。 || whole_hand_state: 可从 PileType.Hand + Upgrade/Transform/Exhaust/EnergyCost 等内部访问定位；仍需显式 hand-state transition。
CARD.BARRICADE,壁垒,ironclad,Rare,Power,Self,3,gap,block|cost_modify|effect_profile_granularity_gap|global_rule_power|turn_or_delayed_rule,block,cost_modify|global_rule_power|turn_or_delayed_rule,effect_profile_granularity_gap,,,{},"{""adds_keyword_or_modifier"": false, ""catalog_id"": ""barricade"", ""class_name"": ""Barricade"", ""commands"": [""Apply""], ""creates_clone"": false, ""creates_specific_card"": false, ""dynamic_vars"": [], ""powers"": [""BarricadePower""], ""sets_energy_cost"": true, ""sets_replay"": false, ""source_available"": true, ""source_path"": ""src/Core/Models/Cards/Barricade.cs"", ""tags"": [""power"", ""rare"", ""self_target""], ""uses_card_select_from_hand"": false, ""uses_discard_pile"": false, ""uses_draw_pile"": false, ""uses_exhaust_pile"": false, ""uses_hand_pile"": false, ""uses_top_of_pile"": false, ""uses_upgrade_select_from_hand"": false}",格挡不再在你的回合开始时消失。,"[{""upgrade"": 1, ""description"": ""格挡不再在你的回合开始时消失。"", ""semanticTags"": [], ""semanticSignals"": {}}]",cost_modify: EnergyCost.Set*/FreeAttackPower/CorruptionPower 等内部 ID 可定位；仍需目标范围、持续时间、后续可打价值 typed 化。 || effect_profile_granularity_gap: 已有 upgrade_card/exhaust_other/transform_card/AddGeneratedCardToCombat 等粗粒度内部 ID，但缺 zone/scope/filter/duration/destination/modifier/count 参数；不能靠描述文本正则补主路径。 || global_rule_power: 腐化/黑暗之拥/怀旧等会改写未来规则；可见但最好变成 rule-transition token。 || turn_or_delayed_rule: 本回合/下回合/每当/回合开始类规则可见但还不是统一 temporal rule token。
CARD.CRIMSON_MANTLE,绯红披风,ironclad,Rare,Power,Self,1,partial,block|global_rule_power|hp_or_self_cost|turn_or_delayed_rule,block|hp_or_self_cost,global_rule_power|turn_or_delayed_rule,,,block|hp_loss,"{""block"": 8, ""hpLoss"": 1}","{""adds_keyword_or_modifier"": false, ""catalog_id"": ""crimson_mantle"", ""class_name"": ""CrimsonMantle"", ""commands"": [""Apply""], ""creates_clone"": false, ""creates_specific_card"": false, ""dynamic_vars"": [""PowerVar""], ""powers"": [""CrimsonMantlePower""], ""sets_energy_cost"": false, ""sets_replay"": false, ""source_available"": true, ""source_path"": ""src/Core/Models/Cards/CrimsonMantle.cs"", ""tags"": [""power"", ""rare"", ""self_target""], ""uses_card_select_from_hand"": false, ""uses_discard_pile"": false, ""uses_draw_pile"": false, ""uses_exhaust_pile"": false, ""uses_hand_pile"": false, ""uses_top_of_pile"": false, ""uses_upgrade_select_from_hand"": false}",在你的回合开始时，失去1点生命并获得8点格挡。,"[{""upgrade"": 1, ""description"": ""在你的回合开始时，失去1点生命并获得10点格挡。"", ""semanticTags"": [""block"", ""hp_loss""], ""semanticSignals"": {""block"": 10, ""hpLoss"": 1}}]",global_rule_power: 腐化/黑暗之拥/怀旧等会改写未来规则；可见但最好变成 rule-transition token。 || turn_or_delayed_rule: 本回合/下回合/每当/回合开始类规则可见但还不是统一 temporal rule token。
CARD.CRUELTY,残酷,ironclad,Rare,Power,Self,1,partial,debuff|global_rule_power|hp_or_self_cost,debuff|hp_or_self_cost,global_rule_power,,,apply_vulnerable|hp_loss,{},"{""adds_keyword_or_modifier"": false, ""catalog_id"": ""cruelty"", ""class_name"": ""Cruelty"", ""commands"": [""Apply""], ""creates_clone"": false, ""creates_specific_card"": false, ""dynamic_vars"": [""PowerVar""], ""powers"": [""CrueltyPower"", ""VulnerablePower""], ""sets_energy_cost"": false, ""sets_replay"": false, ""source_available"": true, ""source_path"": ""src/Core/Models/Cards/Cruelty.cs"", ""tags"": [""power"", ""rare"", ""self_target""], ""uses_card_select_from_hand"": false, ""uses_discard_pile"": false, ""uses_draw_pile"": false, ""uses_exhaust_pile"": false, ""uses_hand_pile"": false, ""uses_top_of_pile"": false, ""uses_upgrade_select_from_hand"": false}",有易伤状态的敌人额外受到25%的伤害。,"[{""upgrade"": 1, ""description"": ""有易伤状态的敌人额外受到50%的伤害。"", ""semanticTags"": [""apply_vulnerable"", ""hp_loss""], ""semanticSignals"": {}}]",global_rule_power: 腐化/黑暗之拥/怀旧等会改写未来规则；可见但最好变成 rule-transition token。
CARD.DARK_EMBRACE,黑暗之拥,ironclad,Rare,Power,Self,2,gap,cost_modify|draw|effect_profile_granularity_gap|exhaust_other_or_hand|global_rule_power|turn_or_delayed_rule,draw,cost_modify|exhaust_other_or_hand|global_rule_power|turn_or_delayed_rule,effect_profile_granularity_gap,,draw,"{""draw"": 1}","{""adds_keyword_or_modifier"": false, ""catalog_id"": ""dark_embrace"", ""class_name"": ""DarkEmbrace"", ""commands"": [""Apply""], ""creates_clone"": false, ""creates_specific_card"": false, ""dynamic_vars"": [], ""powers"": [""DarkEmbracePower""], ""sets_energy_cost"": true, ""sets_replay"": false, ""source_available"": true, ""source_path"": ""src/Core/Models/Cards/DarkEmbrace.cs"", ""tags"": [""exhaust"", ""power"", ""rare"", ""self_target""], ""uses_card_select_from_hand"": false, ""uses_discard_pile"": false, ""uses_draw_pile"": false, ""uses_exhaust_pile"": false, ""uses_hand_pile"": false, ""uses_top_of_pile"": false, ""uses_upgrade_select_from_hand"": false}","每当有一张牌被消耗时，
抽1张牌。","[{""upgrade"": 1, ""description"": ""每当有一张牌被消耗时，\n抽1张牌。"", ""semanticTags"": [""draw""], ""semanticSignals"": {""draw"": 1}}]",cost_modify: EnergyCost.Set*/FreeAttackPower/CorruptionPower 等内部 ID 可定位；仍需目标范围、持续时间、后续可打价值 typed 化。 || effect_profile_granularity_gap: 已有 upgrade_card/exhaust_other/transform_card/AddGeneratedCardToCombat 等粗粒度内部 ID，但缺 zone/scope/filter/duration/destination/modifier/count 参数；不能靠描述文本正则补主路径。 || exhaust_other_or_hand: CardCmd.Exhaust 内部命令可定位；但选择目标/全手牌/随机目标需要 typed hand transition。 || global_rule_power: 腐化/黑暗之拥/怀旧等会改写未来规则；可见但最好变成 rule-transition token。 || turn_or_delayed_rule: 本回合/下回合/每当/回合开始类规则可见但还不是统一 temporal rule token。
CARD.DEMON_FORM,恶魔形态,ironclad,Rare,Power,Self,3,partial,buff_stats|global_rule_power|turn_or_delayed_rule,buff_stats,global_rule_power|turn_or_delayed_rule,,,gain_strength,"{""strengthGain"": 2}","{""adds_keyword_or_modifier"": false, ""catalog_id"": ""demon_form"", ""class_name"": ""DemonForm"", ""commands"": [""Apply""], ""creates_clone"": false, ""creates_specific_card"": false, ""dynamic_vars"": [""PowerVar""], ""powers"": [""DemonFormPower"", ""StrengthPower""], ""sets_energy_cost"": false, ""sets_replay"": false, ""source_available"": true, ""source_path"": ""src/Core/Models/Cards/DemonForm.cs"", ""tags"": [""power"", ""rare"", ""self_target"", ""strength"", ""strength_scaling""], ""uses_card_select_from_hand"": false, ""uses_discard_pile"": false, ""uses_draw_pile"": false, ""uses_exhaust_pile"": false, ""uses_hand_pile"": false, ""uses_top_of_pile"": false, ""uses_upgrade_select_from_hand"": false}",在你的回合开始时，获得2点力量。,"[{""upgrade"": 1, ""description"": ""在你的回合开始时，获得3点力量。"", ""semanticTags"": [""gain_strength""], ""semanticSignals"": {""strengthGain"": 3}}]",global_rule_power: 腐化/黑暗之拥/怀旧等会改写未来规则；可见但最好变成 rule-transition token。 || turn_or_delayed_rule: 本回合/下回合/每当/回合开始类规则可见但还不是统一 temporal rule token。
CARD.HELLRAISER,地狱狂徒,ironclad,Rare,Power,Self,2,gap,cost_modify|draw|effect_profile_granularity_gap|global_rule_power|multi_hit_or_aoe|random_or_choose|turn_or_delayed_rule,draw|multi_hit_or_aoe,cost_modify|global_rule_power|random_or_choose|turn_or_delayed_rule,effect_profile_granularity_gap,,random,{},"{""adds_keyword_or_modifier"": false, ""catalog_id"": ""hellraiser"", ""class_name"": ""Hellraiser"", ""commands"": [""Apply""], ""creates_clone"": false, ""creates_specific_card"": false, ""dynamic_vars"": [], ""powers"": [""HellraiserPower""], ""sets_energy_cost"": true, ""sets_replay"": false, ""source_available"": true, ""source_path"": ""src/Core/Models/Cards/Hellraiser.cs"", ""tags"": [""power"", ""rare"", ""self_target""], ""uses_card_select_from_hand"": false, ""uses_discard_pile"": false, ""uses_draw_pile"": false, ""uses_exhaust_pile"": false, ""uses_hand_pile"": false, ""uses_top_of_pile"": false, ""uses_upgrade_select_from_hand"": false}",每当你抽到名字中有“打击”的牌时，对一名随机敌人打出这张牌。,"[{""upgrade"": 1, ""description"": ""每当你抽到名字中有“打击”的牌时，对一名随机敌人打出这张牌。"", ""semanticTags"": [""random""], ""semanticSignals"": {}}]",cost_modify: EnergyCost.Set*/FreeAttackPower/CorruptionPower 等内部 ID 可定位；仍需目标范围、持续时间、后续可打价值 typed 化。 || effect_profile_granularity_gap: 已有 upgrade_card/exhaust_other/transform_card/AddGeneratedCardToCombat 等粗粒度内部 ID，但缺 zone/scope/filter/duration/destination/modifier/count 参数；不能靠描述文本正则补主路径。 || global_rule_power: 腐化/黑暗之拥/怀旧等会改写未来规则；可见但最好变成 rule-transition token。 || random_or_choose: 随机/三选一结果不是确定 transition；模型能看到但缺分布式结果 profile。 || turn_or_delayed_rule: 本回合/下回合/每当/回合开始类规则可见但还不是统一 temporal rule token。
CARD.JUGGERNAUT,势不可当,ironclad,Rare,Power,Self,2,partial,block|damage|global_rule_power|multi_hit_or_aoe|random_or_choose|turn_or_delayed_rule,block|damage|multi_hit_or_aoe,global_rule_power|random_or_choose|turn_or_delayed_rule,,,damage|random,"{""damage"": 5}","{""adds_keyword_or_modifier"": false, ""catalog_id"": ""juggernaut"", ""class_name"": ""Juggernaut"", ""commands"": [""Apply""], ""creates_clone"": false, ""creates_specific_card"": false, ""dynamic_vars"": [""PowerVar""], ""powers"": [""JuggernautPower""], ""sets_energy_cost"": false, ""sets_replay"": false, ""source_available"": true, ""source_path"": ""src/Core/Models/Cards/Juggernaut.cs"", ""tags"": [""power"", ""rare"", ""self_target""], ""uses_card_select_from_hand"": false, ""uses_discard_pile"": false, ""uses_draw_pile"": false, ""uses_exhaust_pile"": false, ""uses_hand_pile"": false, ""uses_top_of_pile"": false, ""uses_upgrade_select_from_hand"": false}",每当你获得格挡时，对随机敌人造成5点伤害。,"[{""upgrade"": 1, ""description"": ""每当你获得格挡时，对随机敌人造成7点伤害。"", ""semanticTags"": [""damage"", ""random""], ""semanticSignals"": {""damage"": 7}}]",global_rule_power: 腐化/黑暗之拥/怀旧等会改写未来规则；可见但最好变成 rule-transition token。 || random_or_choose: 随机/三选一结果不是确定 transition；模型能看到但缺分布式结果 profile。 || turn_or_delayed_rule: 本回合/下回合/每当/回合开始类规则可见但还不是统一 temporal rule token。
CARD.PYRE,薪火之源,ironclad,Rare,Power,Self,2,partial,energy_gain|global_rule_power|turn_or_delayed_rule,energy_gain,global_rule_power|turn_or_delayed_rule,,,gain_energy,"{""energyGain"": 1}","{""adds_keyword_or_modifier"": false, ""catalog_id"": ""pyre"", ""class_name"": ""Pyre"", ""commands"": [""Apply""], ""creates_clone"": false, ""creates_specific_card"": false, ""dynamic_vars"": [""EnergyVar""], ""powers"": [""PyrePower""], ""sets_energy_cost"": false, ""sets_replay"": false, ""source_available"": true, ""source_path"": ""src/Core/Models/Cards/Pyre.cs"", ""tags"": [""energy_gen"", ""power"", ""rare"", ""self_target""], ""uses_card_select_from_hand"": false, ""uses_discard_pile"": false, ""uses_draw_pile"": false, ""uses_exhaust_pile"": false, ""uses_hand_pile"": false, ""uses_top_of_pile"": false, ""uses_upgrade_select_from_hand"": false}",在回合开始时，获得1点能量。,"[{""upgrade"": 1, ""description"": ""在回合开始时，获得2点能量。"", ""semanticTags"": [""gain_energy""], ""semanticSignals"": {""energyGain"": 2}}]",global_rule_power: 腐化/黑暗之拥/怀旧等会改写未来规则；可见但最好变成 rule-transition token。 || turn_or_delayed_rule: 本回合/下回合/每当/回合开始类规则可见但还不是统一 temporal rule token。
CARD.TANK,肉盾,ironclad,Rare,Power,Self,1,gap,cost_modify|effect_profile_granularity_gap|global_rule_power,,cost_modify|global_rule_power,effect_profile_granularity_gap,,,{},"{""adds_keyword_or_modifier"": false, ""catalog_id"": ""tank"", ""class_name"": ""Tank"", ""commands"": [""Apply""], ""creates_clone"": false, ""creates_specific_card"": false, ""dynamic_vars"": [], ""powers"": [""TankPower""], ""sets_energy_cost"": true, ""sets_replay"": false, ""source_available"": true, ""source_path"": ""src/Core/Models/Cards/Tank.cs"", ""tags"": [""power"", ""rare"", ""self_target""], ""uses_card_select_from_hand"": false, ""uses_discard_pile"": false, ""uses_draw_pile"": false, ""uses_exhaust_pile"": false, ""uses_hand_pile"": false, ""uses_top_of_pile"": false, ""uses_upgrade_select_from_hand"": false}","承受双倍来自敌人的伤害。
敌人的伤害对盟友减半。","[{""upgrade"": 1, ""description"": ""承受双倍来自敌人的伤害。\n敌人的伤害对盟友减半。"", ""semanticTags"": [], ""semanticSignals"": {}}]",cost_modify: EnergyCost.Set*/FreeAttackPower/CorruptionPower 等内部 ID 可定位；仍需目标范围、持续时间、后续可打价值 typed 化。 || effect_profile_granularity_gap: 已有 upgrade_card/exhaust_other/transform_card/AddGeneratedCardToCombat 等粗粒度内部 ID，但缺 zone/scope/filter/duration/destination/modifier/count 参数；不能靠描述文本正则补主路径。 || global_rule_power: 腐化/黑暗之拥/怀旧等会改写未来规则；可见但最好变成 rule-transition token。
CARD.UNMOVABLE,坚定不移,ironclad,Rare,Power,Self,2,gap,block|cost_modify|effect_profile_granularity_gap|global_rule_power,block,cost_modify|global_rule_power,effect_profile_granularity_gap,,,{},"{""adds_keyword_or_modifier"": false, ""catalog_id"": ""unmovable"", ""class_name"": ""Unmovable"", ""commands"": [""Apply""], ""creates_clone"": false, ""creates_specific_card"": false, ""dynamic_vars"": [], ""powers"": [""UnmovablePower""], ""sets_energy_cost"": true, ""sets_replay"": false, ""source_available"": true, ""source_path"": ""src/Core/Models/Cards/Unmovable.cs"", ""tags"": [""power"", ""rare"", ""self_target""], ""uses_card_select_from_hand"": false, ""uses_discard_pile"": false, ""uses_draw_pile"": false, ""uses_exhaust_pile"": false, ""uses_hand_pile"": false, ""uses_top_of_pile"": false, ""uses_upgrade_select_from_hand"": false}",翻倍你每回合第一次从卡牌中获得的格挡。,"[{""upgrade"": 1, ""description"": ""翻倍你每回合第一次从卡牌中获得的格挡。"", ""semanticTags"": [], ""semanticSignals"": {}}]",cost_modify: EnergyCost.Set*/FreeAttackPower/CorruptionPower 等内部 ID 可定位；仍需目标范围、持续时间、后续可打价值 typed 化。 || effect_profile_granularity_gap: 已有 upgrade_card/exhaust_other/transform_card/AddGeneratedCardToCombat 等粗粒度内部 ID，但缺 zone/scope/filter/duration/destination/modifier/count 参数；不能靠描述文本正则补主路径。 || global_rule_power: 腐化/黑暗之拥/怀旧等会改写未来规则；可见但最好变成 rule-transition token。
CARD.BRAND,烙印,ironclad,Rare,Skill,Self,0,gap,buff_stats|effect_profile_granularity_gap|exhaust_other_or_hand|global_rule_power|hp_or_self_cost|random_or_choose|whole_hand_state,buff_stats|hp_or_self_cost,exhaust_other_or_hand|global_rule_power|random_or_choose|whole_hand_state,effect_profile_granularity_gap,,exhaust_other|gain_strength|hp_loss,"{""hpLoss"": 1, ""strengthGain"": 1}","{""adds_keyword_or_modifier"": false, ""catalog_id"": ""brand"", ""class_name"": ""Brand"", ""commands"": [""Apply"", ""Exhaust""], ""creates_clone"": false, ""creates_specific_card"": false, ""dynamic_vars"": [""DynamicVar"", ""HpLossVar"", ""PowerVar""], ""powers"": [""StrengthPower""], ""sets_energy_cost"": false, ""sets_replay"": false, ""source_available"": true, ""source_path"": ""src/Core/Models/Cards/Brand.cs"", ""tags"": [""exhaust"", ""hp_loss"", ""rare"", ""self_target"", ""skill"", ""strength""], ""uses_card_select_from_hand"": true, ""uses_discard_pile"": false, ""uses_draw_pile"": false, ""uses_exhaust_pile"": false, ""uses_hand_pile"": true, ""uses_top_of_pile"": false, ""uses_upgrade_select_from_hand"": false}","失去1点生命。
消耗1张牌。
获得1点力量。","[{""upgrade"": 1, ""description"": ""失去1点生命。\n消耗1张牌。\n获得2点力量。"", ""semanticTags"": [""exhaust_other"", ""gain_strength"", ""hp_loss""], ""semanticSignals"": {""hpLoss"": 1, ""strengthGain"": 2}}]",effect_profile_granularity_gap: 已有 upgrade_card/exhaust_other/transform_card/AddGeneratedCardToCombat 等粗粒度内部 ID，但缺 zone/scope/filter/duration/destination/modifier/count 参数；不能靠描述文本正则补主路径。 || exhaust_other_or_hand: CardCmd.Exhaust 内部命令可定位；但选择目标/全手牌/随机目标需要 typed hand transition。 || global_rule_power: 腐化/黑暗之拥/怀旧等会改写未来规则；可见但最好变成 rule-transition token。 || random_or_choose: 随机/三选一结果不是确定 transition；模型能看到但缺分布式结果 profile。 || whole_hand_state: 可从 PileType.Hand + Upgrade/Transform/Exhaust/EnergyCost 等内部访问定位；仍需显式 hand-state transition。
CARD.CASCADE,倾泻,ironclad,Rare,Skill,Self,X,gap,draw|effect_profile_granularity_gap|pile_fetch_reorder|play_top_or_autoplay|x_cost,draw|x_cost,pile_fetch_reorder|play_top_or_autoplay,effect_profile_granularity_gap,,cost_x,{},"{""adds_keyword_or_modifier"": false, ""catalog_id"": ""cascade"", ""class_name"": ""Cascade"", ""commands"": [""AutoPlayFromDrawPile""], ""creates_clone"": false, ""creates_specific_card"": false, ""dynamic_vars"": [], ""powers"": [], ""sets_energy_cost"": false, ""sets_replay"": false, ""source_available"": true, ""source_path"": ""src/Core/Models/Cards/Cascade.cs"", ""tags"": [""rare"", ""self_target"", ""skill"", ""x_cost""], ""uses_card_select_from_hand"": false, ""uses_discard_pile"": false, ""uses_draw_pile"": false, ""uses_exhaust_pile"": false, ""uses_hand_pile"": false, ""uses_top_of_pile"": true, ""uses_upgrade_select_from_hand"": false}",打出你抽牌堆顶部的X张牌。,"[{""upgrade"": 1, ""description"": ""打出你抽牌堆顶部的X+1张牌。"", ""semanticTags"": [""cost_x""], ""semanticSignals"": {}}]",effect_profile_granularity_gap: 已有 upgrade_card/exhaust_other/transform_card/AddGeneratedCardToCombat 等粗粒度内部 ID，但缺 zone/scope/filter/duration/destination/modifier/count 参数；不能靠描述文本正则补主路径。 || pile_fetch_reorder: 抽牌堆/弃牌堆/牌堆顶部信息可被注意力看到，也能从 PileType/CardPileCmd 内部调用定位；动作的 pile transition 仍不够结构化。 || play_top_or_autoplay: 破灭/倾泻/自动打出类可见，但缺打出目标、消耗去向、连锁结果的 typed lookahead。
CARD.COLOSSUS,巨像,ironclad,Rare,Skill,Self,1,partial,block|damage|debuff|global_rule_power|turn_or_delayed_rule,block|damage|debuff,global_rule_power|turn_or_delayed_rule,,,apply_vulnerable|block,"{""block"": 5}","{""adds_keyword_or_modifier"": false, ""catalog_id"": ""colossus"", ""class_name"": ""Colossus"", ""commands"": [""Apply""], ""creates_clone"": false, ""creates_specific_card"": false, ""dynamic_vars"": [""BlockVar"", ""DynamicVar""], ""powers"": [""ColossusPower"", ""VulnerablePower""], ""sets_energy_cost"": false, ""sets_replay"": false, ""source_available"": true, ""source_path"": ""src/Core/Models/Cards/Colossus.cs"", ""tags"": [""block"", ""rare"", ""self_target"", ""skill""], ""uses_card_select_from_hand"": false, ""uses_discard_pile"": false, ""uses_draw_pile"": false, ""uses_exhaust_pile"": false, ""uses_hand_pile"": false, ""uses_top_of_pile"": false, ""uses_upgrade_select_from_hand"": false}","获得5点格挡。
在本回合中，有易伤状态的敌人对你造成的伤害降低50%。","[{""upgrade"": 1, ""description"": ""获得8点格挡。\n在本回合中，有易伤状态的敌人对你造成的伤害降低50%。"", ""semanticTags"": [""apply_vulnerable"", ""block""], ""semanticSignals"": {""block"": 8}}]",global_rule_power: 腐化/黑暗之拥/怀旧等会改写未来规则；可见但最好变成 rule-transition token。 || turn_or_delayed_rule: 本回合/下回合/每当/回合开始类规则可见但还不是统一 temporal rule token。
CARD.IMPERVIOUS,岿然不动,ironclad,Rare,Skill,Self,2,covered,block|exhaust_self,block|exhaust_self,,,Exhaust,block|exhaust_self,"{""block"": 30}","{""adds_keyword_or_modifier"": false, ""catalog_id"": ""impervious"", ""class_name"": ""Impervious"", ""commands"": [], ""creates_clone"": false, ""creates_specific_card"": false, ""dynamic_vars"": [""BlockVar""], ""powers"": [], ""sets_energy_cost"": false, ""sets_replay"": false, ""source_available"": true, ""source_path"": ""src/Core/Models/Cards/Impervious.cs"", ""tags"": [""block"", ""exhaust"", ""rare"", ""self_target"", ""skill""], ""uses_card_select_from_hand"": false, ""uses_discard_pile"": false, ""uses_draw_pile"": false, ""uses_exhaust_pile"": false, ""uses_hand_pile"": false, ""uses_top_of_pile"": false, ""uses_upgrade_select_from_hand"": false}","获得30点格挡。
消耗。","[{""upgrade"": 1, ""description"": ""获得40点格挡。\n消耗。"", ""semanticTags"": [""block"", ""exhaust_self""], ""semanticSignals"": {""block"": 40}}]",
CARD.OFFERING,祭品,ironclad,Rare,Skill,Self,0,covered,draw|energy_gain|exhaust_self|hp_or_self_cost,draw|energy_gain|exhaust_self|hp_or_self_cost,,,Exhaust,draw|exhaust_self|gain_energy|hp_loss,"{""draw"": 3, ""energyGain"": 2, ""hpLoss"": 6}","{""adds_keyword_or_modifier"": false, ""catalog_id"": ""offering"", ""class_name"": ""Offering"", ""commands"": [""Draw"", ""GainEnergy""], ""creates_clone"": false, ""creates_specific_card"": false, ""dynamic_vars"": [""CardsVar"", ""DynamicVar"", ""EnergyVar"", ""HpLossVar""], ""powers"": [], ""sets_energy_cost"": false, ""sets_replay"": false, ""source_available"": true, ""source_path"": ""src/Core/Models/Cards/Offering.cs"", ""tags"": [""draw"", ""energy_gen"", ""exhaust"", ""hp_loss"", ""rare"", ""self_target"", ""skill""], ""uses_card_select_from_hand"": false, ""uses_discard_pile"": false, ""uses_draw_pile"": false, ""uses_exhaust_pile"": false, ""uses_hand_pile"": false, ""uses_top_of_pile"": false, ""uses_upgrade_select_from_hand"": false}","失去6点生命。
获得2点能量。
抽3张牌。
消耗。","[{""upgrade"": 1, ""description"": ""失去6点生命。\n获得2点能量。\n抽5张牌。\n消耗。"", ""semanticTags"": [""draw"", ""exhaust_self"", ""gain_energy"", ""hp_loss""], ""semanticSignals"": {""draw"": 5, ""energyGain"": 2, ""hpLoss"": 6}}]",
CARD.ONE_TWO_PUNCH,连环拳,ironclad,Rare,Skill,Self,1,gap,effect_profile_granularity_gap|global_rule_power|multi_hit_or_aoe|next_card_modifier,multi_hit_or_aoe,global_rule_power|next_card_modifier,effect_profile_granularity_gap,,,{},"{""adds_keyword_or_modifier"": false, ""catalog_id"": ""one_two_punch"", ""class_name"": ""OneTwoPunch"", ""commands"": [""Apply""], ""creates_clone"": false, ""creates_specific_card"": false, ""dynamic_vars"": [""DynamicVar""], ""powers"": [""OneTwoPunchPower""], ""sets_energy_cost"": false, ""sets_replay"": false, ""source_available"": true, ""source_path"": ""src/Core/Models/Cards/OneTwoPunch.cs"", ""tags"": [""rare"", ""self_target"", ""skill""], ""uses_card_select_from_hand"": false, ""uses_discard_pile"": false, ""uses_draw_pile"": false, ""uses_exhaust_pile"": false, ""uses_hand_pile"": false, ""uses_top_of_pile"": false, ""uses_upgrade_select_from_hand"": false}",在这个回合，你打出的下1张攻击牌会被额外打出一次。,"[{""upgrade"": 1, ""description"": ""在这个回合，你打出的下2张攻击牌会被额外打出一次。"", ""semanticTags"": [], ""semanticSignals"": {}}]",effect_profile_granularity_gap: 已有 upgrade_card/exhaust_other/transform_card/AddGeneratedCardToCombat 等粗粒度内部 ID，但缺 zone/scope/filter/duration/destination/modifier/count 参数；不能靠描述文本正则补主路径。 || global_rule_power: 腐化/黑暗之拥/怀旧等会改写未来规则；可见但最好变成 rule-transition token。 || next_card_modifier: FreeAttackPower、Replay、EnergyCost 等内部 ID 可定位；下一张攻击/重放/免费等仍需要跨动作 memory 与 next-action effect profile。
CARD.PRIMAL_FORCE,原始力量,ironclad,Rare,Skill,Self,0,gap,buff_stats|effect_profile_granularity_gap|transform_card|upgrade_card|whole_hand_state,buff_stats,transform_card|upgrade_card|whole_hand_state,effect_profile_granularity_gap,,transform_card,{},"{""adds_keyword_or_modifier"": false, ""catalog_id"": ""primal_force"", ""class_name"": ""PrimalForce"", ""commands"": [""Transform"", ""Upgrade""], ""creates_clone"": false, ""creates_specific_card"": true, ""dynamic_vars"": [], ""powers"": [], ""sets_energy_cost"": false, ""sets_replay"": false, ""source_available"": true, ""source_path"": ""src/Core/Models/Cards/PrimalForce.cs"", ""tags"": [""rare"", ""self_target"", ""skill"", ""upgrade_card""], ""uses_card_select_from_hand"": false, ""uses_discard_pile"": false, ""uses_draw_pile"": false, ""uses_exhaust_pile"": false, ""uses_hand_pile"": true, ""uses_top_of_pile"": false, ""uses_upgrade_select_from_hand"": false}",将手牌中的所有攻击牌变化为巨石。,"[{""upgrade"": 1, ""description"": ""将手牌中的所有攻击牌变化为巨石+。"", ""semanticTags"": [""transform_card""], ""semanticSignals"": {}}]",effect_profile_granularity_gap: 已有 upgrade_card/exhaust_other/transform_card/AddGeneratedCardToCombat 等粗粒度内部 ID，但缺 zone/scope/filter/duration/destination/modifier/count 参数；不能靠描述文本正则补主路径。 || transform_card: 已有 transform_card tag / CardCmd.Transform 内部命令；缺结果卡、source zone、filter 和 scope profile。 || upgrade_card: 已有 upgrade_card tag / CardCmd.Upgrade 内部命令；缺 zone/scope/filter/selection 等结构参数。 || whole_hand_state: 可从 PileType.Hand + Upgrade/Transform/Exhaust/EnergyCost 等内部访问定位；仍需显式 hand-state transition。
CARD.STOKE,添柴,ironclad,Rare,Skill,Self,1,gap,add_or_generate_card|draw|effect_profile_granularity_gap|exhaust_other_or_hand|random_or_choose|upgrade_card|whole_hand_state,draw,add_or_generate_card|exhaust_other_or_hand|random_or_choose|upgrade_card|whole_hand_state,effect_profile_granularity_gap,,add_to_hand|generate_card|random,"{""cardsToHand"": 1}","{""adds_keyword_or_modifier"": false, ""catalog_id"": ""stoke"", ""class_name"": ""Stoke"", ""commands"": [""Draw"", ""Exhaust""], ""creates_clone"": false, ""creates_specific_card"": false, ""dynamic_vars"": [], ""powers"": [], ""sets_energy_cost"": false, ""sets_replay"": false, ""source_available"": true, ""source_path"": ""src/Core/Models/Cards/Stoke.cs"", ""tags"": [""draw"", ""exhaust"", ""rare"", ""self_target"", ""skill""], ""uses_card_select_from_hand"": false, ""uses_discard_pile"": false, ""uses_draw_pile"": false, ""uses_exhaust_pile"": false, ""uses_hand_pile"": true, ""uses_top_of_pile"": false, ""uses_upgrade_select_from_hand"": false}","消耗所有手牌。
每消耗一张牌，将1张随机牌加入你的手牌。","[{""upgrade"": 1, ""description"": ""消耗所有手牌。\n每消耗一张牌，将1张随机已升级的牌加入你的手牌。"", ""semanticTags"": [""add_to_hand"", ""random"", ""upgrade_card""], ""semanticSignals"": {""cardsToHand"": 1}}]",add_or_generate_card: 生成牌/加手牌可由 AddGeneratedCardToCombat 等内部命令定位，但生成池、费用和本回合免费等还需要更强 typed profile。 || effect_profile_granularity_gap: 已有 upgrade_card/exhaust_other/transform_card/AddGeneratedCardToCombat 等粗粒度内部 ID，但缺 zone/scope/filter/duration/destination/modifier/count 参数；不能靠描述文本正则补主路径。 || exhaust_other_or_hand: CardCmd.Exhaust 内部命令可定位；但选择目标/全手牌/随机目标需要 typed hand transition。 || random_or_choose: 随机/三选一结果不是确定 transition；模型能看到但缺分布式结果 profile。 || upgrade_card: 已有 upgrade_card tag / CardCmd.Upgrade 内部命令；缺 zone/scope/filter/selection 等结构参数。 || whole_hand_state: 可从 PileType.Hand + Upgrade/Transform/Exhaust/EnergyCost 等内部访问定位；仍需显式 hand-state transition。
CARD.ASHEN_STRIKE,灰烬打击,ironclad,Uncommon,Attack,AnyEnemy,1,gap,damage|effect_profile_granularity_gap|exhaust_other_or_hand|exhaust_pile_dependency,damage,exhaust_other_or_hand|exhaust_pile_dependency,effect_profile_granularity_gap,,damage,"{""damage"": 6}","{""adds_keyword_or_modifier"": false, ""catalog_id"": ""ashen_strike"", ""class_name"": ""AshenStrike"", ""commands"": [""Attack""], ""creates_clone"": false, ""creates_specific_card"": false, ""dynamic_vars"": [""CalculatedDamageVar"", ""CalculationBaseVar"", ""DynamicVar"", ""ExtraDamageVar""], ""powers"": [], ""sets_energy_cost"": false, ""sets_replay"": false, ""source_available"": true, ""source_path"": ""src/Core/Models/Cards/AshenStrike.cs"", ""tags"": [""attack"", ""damage"", ""exhaust"", ""single_target"", ""strike_tag"", ""uncommon""], ""uses_card_select_from_hand"": false, ""uses_discard_pile"": false, ""uses_draw_pile"": false, ""uses_exhaust_pile"": true, ""uses_hand_pile"": false, ""uses_top_of_pile"": false, ""uses_upgrade_select_from_hand"": false}","造成6点伤害。
你的消耗牌堆中每有一张牌，伤害增加3。","[{""upgrade"": 1, ""description"": ""造成6点伤害。\n你的消耗牌堆中每有一张牌，伤害增加4。"", ""semanticTags"": [""damage""], ""semanticSignals"": {""damage"": 6}}]",effect_profile_granularity_gap: 已有 upgrade_card/exhaust_other/transform_card/AddGeneratedCardToCombat 等粗粒度内部 ID，但缺 zone/scope/filter/duration/destination/modifier/count 参数；不能靠描述文本正则补主路径。 || exhaust_other_or_hand: CardCmd.Exhaust 内部命令可定位；但选择目标/全手牌/随机目标需要 typed hand transition。 || exhaust_pile_dependency: 消耗牌堆数量/本回合消耗条件可从状态推断，但卡牌依赖关系缺显式字段。
CARD.BLUDGEON,重锤,ironclad,Uncommon,Attack,AnyEnemy,3,covered,damage,damage,,,,damage,"{""damage"": 32}","{""adds_keyword_or_modifier"": false, ""catalog_id"": ""bludgeon"", ""class_name"": ""Bludgeon"", ""commands"": [""Attack""], ""creates_clone"": false, ""creates_specific_card"": false, ""dynamic_vars"": [""DamageVar""], ""powers"": [], ""sets_energy_cost"": false, ""sets_replay"": false, ""source_available"": true, ""source_path"": ""src/Core/Models/Cards/Bludgeon.cs"", ""tags"": [""attack"", ""damage"", ""single_target"", ""uncommon""], ""uses_card_select_from_hand"": false, ""uses_discard_pile"": false, ""uses_draw_pile"": false, ""uses_exhaust_pile"": false, ""uses_hand_pile"": false, ""uses_top_of_pile"": false, ""uses_upgrade_select_from_hand"": false}",造成32点伤害。,"[{""upgrade"": 1, ""description"": ""造成42点伤害。"", ""semanticTags"": [""damage""], ""semanticSignals"": {""damage"": 42}}]",
CARD.BULLY,欺凌,ironclad,Uncommon,Attack,AnyEnemy,0,partial,damage|debuff|global_rule_power,damage|debuff,global_rule_power,,,apply_vulnerable|damage,"{""damage"": 6}","{""adds_keyword_or_modifier"": false, ""catalog_id"": ""bully"", ""class_name"": ""Bully"", ""commands"": [""Attack""], ""creates_clone"": false, ""creates_specific_card"": false, ""dynamic_vars"": [""CalculatedDamageVar"", ""CalculationBaseVar"", ""DynamicVar"", ""ExtraDamageVar""], ""powers"": [""VulnerablePower""], ""sets_energy_cost"": false, ""sets_replay"": false, ""source_available"": true, ""source_path"": ""src/Core/Models/Cards/Bully.cs"", ""tags"": [""attack"", ""damage"", ""single_target"", ""uncommon""], ""uses_card_select_from_hand"": false, ""uses_discard_pile"": false, ""uses_draw_pile"": false, ""uses_exhaust_pile"": false, ""uses_hand_pile"": false, ""uses_top_of_pile"": false, ""uses_upgrade_select_from_hand"": false}","造成4点伤害。
该敌人身上每有一层易伤就额外造成2点伤害。","[{""upgrade"": 1, ""description"": ""造成4点伤害。\n该敌人身上每有一层易伤就额外造成3点伤害。"", ""semanticTags"": [""apply_vulnerable"", ""damage""], ""semanticSignals"": {""damage"": 7}}]",global_rule_power: 腐化/黑暗之拥/怀旧等会改写未来规则；可见但最好变成 rule-transition token。
CARD.DISMANTLE,拆卸,ironclad,Uncommon,Attack,AnyEnemy,1,partial,damage|debuff|global_rule_power|multi_hit_or_aoe,damage|debuff|multi_hit_or_aoe,global_rule_power,,,apply_vulnerable|damage,"{""damage"": 8}","{""adds_keyword_or_modifier"": false, ""catalog_id"": ""dismantle"", ""class_name"": ""Dismantle"", ""commands"": [""Attack""], ""creates_clone"": false, ""creates_specific_card"": false, ""dynamic_vars"": [""DamageVar""], ""powers"": [""VulnerablePower""], ""sets_energy_cost"": false, ""sets_replay"": false, ""source_available"": true, ""source_path"": ""src/Core/Models/Cards/Dismantle.cs"", ""tags"": [""attack"", ""damage"", ""multi_hit"", ""single_target"", ""uncommon""], ""uses_card_select_from_hand"": false, ""uses_discard_pile"": false, ""uses_draw_pile"": false, ""uses_exhaust_pile"": false, ""uses_hand_pile"": false, ""uses_top_of_pile"": false, ""uses_upgrade_select_from_hand"": false}","造成8点伤害。
如果该敌人有易伤状态，则攻击两次。","[{""upgrade"": 1, ""description"": ""造成10点伤害。\n如果该敌人有易伤状态，则攻击两次。"", ""semanticTags"": [""apply_vulnerable"", ""damage""], ""semanticSignals"": {""damage"": 10}}]",global_rule_power: 腐化/黑暗之拥/怀旧等会改写未来规则；可见但最好变成 rule-transition token。
CARD.FIGHT_ME,与我一战！,ironclad,Uncommon,Attack,AnyEnemy,2,partial,buff_stats|damage|global_rule_power|multi_hit_or_aoe,buff_stats|damage|multi_hit_or_aoe,global_rule_power,,,damage|gain_strength|multi_hit,"{""damage"": 5, ""hits"": 2, ""strengthGain"": 4}","{""adds_keyword_or_modifier"": false, ""catalog_id"": ""fight_me"", ""class_name"": ""FightMe"", ""commands"": [""Apply"", ""Attack""], ""creates_clone"": false, ""creates_specific_card"": false, ""dynamic_vars"": [""DamageVar"", ""DynamicVar"", ""PowerVar"", ""RepeatVar""], ""powers"": [""StrengthPower""], ""sets_energy_cost"": false, ""sets_replay"": false, ""source_available"": true, ""source_path"": ""src/Core/Models/Cards/FightMe.cs"", ""tags"": [""attack"", ""damage"", ""multi_hit"", ""repeat"", ""single_target"", ""strength"", ""uncommon""], ""uses_card_select_from_hand"": false, ""uses_discard_pile"": false, ""uses_draw_pile"": false, ""uses_exhaust_pile"": false, ""uses_hand_pile"": false, ""uses_top_of_pile"": false, ""uses_upgrade_select_from_hand"": false}","造成5点伤害两次。
获得3点力量。
该敌人获得1点力量。","[{""upgrade"": 1, ""description"": ""造成6点伤害两次。\n获得4点力量。\n该敌人获得1点力量。"", ""semanticTags"": [""damage"", ""gain_strength"", ""multi_hit""], ""semanticSignals"": {""damage"": 6, ""hits"": 2, ""strengthGain"": 5}}]",global_rule_power: 腐化/黑暗之拥/怀旧等会改写未来规则；可见但最好变成 rule-transition token。
CARD.GRAPPLE,擒拿,ironclad,Uncommon,Attack,AnyEnemy,1,partial,block|damage|global_rule_power|turn_or_delayed_rule,block|damage,global_rule_power|turn_or_delayed_rule,,,damage,"{""damage"": 12}","{""adds_keyword_or_modifier"": false, ""catalog_id"": ""grapple"", ""class_name"": ""Grapple"", ""commands"": [""Apply"", ""Attack""], ""creates_clone"": false, ""creates_specific_card"": false, ""dynamic_vars"": [""DamageVar"", ""DynamicVar"", ""PowerVar""], ""powers"": [""GrapplePower""], ""sets_energy_cost"": false, ""sets_replay"": false, ""source_available"": true, ""source_path"": ""src/Core/Models/Cards/Grapple.cs"", ""tags"": [""attack"", ""damage"", ""single_target"", ""uncommon""], ""uses_card_select_from_hand"": false, ""uses_discard_pile"": false, ""uses_draw_pile"": false, ""uses_exhaust_pile"": false, ""uses_hand_pile"": false, ""uses_top_of_pile"": false, ""uses_upgrade_select_from_hand"": false}","造成7点伤害。
当你在本回合获得格挡时，对该敌人造成5点伤害。","[{""upgrade"": 1, ""description"": ""造成9点伤害。\n当你在本回合获得格挡时，对该敌人造成7点伤害。"", ""semanticTags"": [""damage""], ""semanticSignals"": {""damage"": 16}}]",global_rule_power: 腐化/黑暗之拥/怀旧等会改写未来规则；可见但最好变成 rule-transition token。 || turn_or_delayed_rule: 本回合/下回合/每当/回合开始类规则可见但还不是统一 temporal rule token。
CARD.HEMOKINESIS,御血术,ironclad,Uncommon,Attack,AnyEnemy,1,covered,damage|hp_or_self_cost,damage|hp_or_self_cost,,,,damage|hp_loss,"{""damage"": 15, ""hpLoss"": 2}","{""adds_keyword_or_modifier"": false, ""catalog_id"": ""hemokinesis"", ""class_name"": ""Hemokinesis"", ""commands"": [""Attack""], ""creates_clone"": false, ""creates_specific_card"": false, ""dynamic_vars"": [""DamageVar"", ""DynamicVar"", ""HpLossVar""], ""powers"": [], ""sets_energy_cost"": false, ""sets_replay"": false, ""source_available"": true, ""source_path"": ""src/Core/Models/Cards/Hemokinesis.cs"", ""tags"": [""attack"", ""damage"", ""hp_loss"", ""single_target"", ""uncommon""], ""uses_card_select_from_hand"": false, ""uses_discard_pile"": false, ""uses_draw_pile"": false, ""uses_exhaust_pile"": false, ""uses_hand_pile"": false, ""uses_top_of_pile"": false, ""uses_upgrade_select_from_hand"": false}","失去2点生命。
造成15点伤害。","[{""upgrade"": 1, ""description"": ""失去2点生命。\n造成20点伤害。"", ""semanticTags"": [""damage"", ""hp_loss""], ""semanticSignals"": {""damage"": 20, ""hpLoss"": 2}}]",
CARD.HOWL_FROM_BEYOND,彼岸咆哮,ironclad,Uncommon,Attack,AllEnemies,3,gap,damage|effect_profile_granularity_gap|exhaust_other_or_hand|exhaust_pile_dependency|multi_hit_or_aoe|turn_or_delayed_rule,damage|multi_hit_or_aoe,exhaust_other_or_hand|exhaust_pile_dependency|turn_or_delayed_rule,effect_profile_granularity_gap,,aoe|aoe_damage,"{""damage"": 16}","{""adds_keyword_or_modifier"": false, ""catalog_id"": ""howl_from_beyond"", ""class_name"": ""HowlFromBeyond"", ""commands"": [""Attack"", ""AutoPlay""], ""creates_clone"": false, ""creates_specific_card"": false, ""dynamic_vars"": [""DamageVar""], ""powers"": [], ""sets_energy_cost"": false, ""sets_replay"": false, ""source_available"": true, ""source_path"": ""src/Core/Models/Cards/HowlFromBeyond.cs"", ""tags"": [""aoe"", ""attack"", ""damage"", ""exhaust"", ""uncommon""], ""uses_card_select_from_hand"": false, ""uses_discard_pile"": false, ""uses_draw_pile"": false, ""uses_exhaust_pile"": true, ""uses_hand_pile"": false, ""uses_top_of_pile"": false, ""uses_upgrade_select_from_hand"": false}","对所有敌人造成16点伤害。
在你的回合开始时，如果这张牌在你的消耗牌堆中，则将其打出。","[{""upgrade"": 1, ""description"": ""对所有敌人造成21点伤害。\n在你的回合开始时，如果这张牌在你的消耗牌堆中，则将其打出。"", ""semanticTags"": [""aoe"", ""aoe_damage""], ""semanticSignals"": {""damage"": 21}}]",effect_profile_granularity_gap: 已有 upgrade_card/exhaust_other/transform_card/AddGeneratedCardToCombat 等粗粒度内部 ID，但缺 zone/scope/filter/duration/destination/modifier/count 参数；不能靠描述文本正则补主路径。 || exhaust_other_or_hand: CardCmd.Exhaust 内部命令可定位；但选择目标/全手牌/随机目标需要 typed hand transition。 || exhaust_pile_dependency: 消耗牌堆数量/本回合消耗条件可从状态推断，但卡牌依赖关系缺显式字段。 || turn_or_delayed_rule: 本回合/下回合/每当/回合开始类规则可见但还不是统一 temporal rule token。
CARD.PILLAGE,劫掠,ironclad,Uncommon,Attack,AnyEnemy,1,covered,damage|draw,damage|draw,,,,damage,"{""damage"": 6}","{""adds_keyword_or_modifier"": false, ""catalog_id"": ""pillage"", ""class_name"": ""Pillage"", ""commands"": [""Attack"", ""Draw""], ""creates_clone"": false, ""creates_specific_card"": false, ""dynamic_vars"": [""DamageVar""], ""powers"": [], ""sets_energy_cost"": false, ""sets_replay"": false, ""source_available"": true, ""source_path"": ""src/Core/Models/Cards/Pillage.cs"", ""tags"": [""attack"", ""damage"", ""draw"", ""single_target"", ""uncommon""], ""uses_card_select_from_hand"": false, ""uses_discard_pile"": false, ""uses_draw_pile"": false, ""uses_exhaust_pile"": false, ""uses_hand_pile"": true, ""uses_top_of_pile"": false, ""uses_upgrade_select_from_hand"": false}","造成6点伤害。
抽牌直到你抽到一张非攻击牌。","[{""upgrade"": 1, ""description"": ""造成9点伤害。\n抽牌直到你抽到一张非攻击牌。"", ""semanticTags"": [""damage""], ""semanticSignals"": {""damage"": 9}}]",
CARD.RAMPAGE,暴走,ironclad,Uncommon,Attack,AnyEnemy,1,covered,damage,damage,,,,damage,"{""damage"": 9}","{""adds_keyword_or_modifier"": false, ""catalog_id"": ""rampage"", ""class_name"": ""Rampage"", ""commands"": [""Attack""], ""creates_clone"": false, ""creates_specific_card"": false, ""dynamic_vars"": [""DamageVar"", ""DynamicVar""], ""powers"": [], ""sets_energy_cost"": false, ""sets_replay"": false, ""source_available"": true, ""source_path"": ""src/Core/Models/Cards/Rampage.cs"", ""tags"": [""attack"", ""damage"", ""single_target"", ""uncommon""], ""uses_card_select_from_hand"": false, ""uses_discard_pile"": false, ""uses_draw_pile"": false, ""uses_exhaust_pile"": false, ""uses_hand_pile"": false, ""uses_top_of_pile"": false, ""uses_upgrade_select_from_hand"": false}","造成9点伤害。
将这张牌在本场战斗中的伤害增加5。","[{""upgrade"": 1, ""description"": ""造成9点伤害。\n将这张牌在本场战斗中的伤害增加9。"", ""semanticTags"": [""damage""], ""semanticSignals"": {""damage"": 9}}]",
CARD.SPITE,怨恨,ironclad,Uncommon,Attack,AnyEnemy,0,partial,damage|draw|hp_or_self_cost|multi_hit_or_aoe|turn_or_delayed_rule,damage|draw|hp_or_self_cost|multi_hit_or_aoe,turn_or_delayed_rule,,,damage,"{""damage"": 5}","{""adds_keyword_or_modifier"": false, ""catalog_id"": ""spite"", ""class_name"": ""Spite"", ""commands"": [""Attack"", ""Draw""], ""creates_clone"": false, ""creates_specific_card"": false, ""dynamic_vars"": [""CardsVar"", ""DamageVar"", ""DynamicVar""], ""powers"": [], ""sets_energy_cost"": false, ""sets_replay"": false, ""source_available"": true, ""source_path"": ""src/Core/Models/Cards/Spite.cs"", ""tags"": [""attack"", ""damage"", ""draw"", ""single_target"", ""uncommon""], ""uses_card_select_from_hand"": false, ""uses_discard_pile"": false, ""uses_draw_pile"": false, ""uses_exhaust_pile"": false, ""uses_hand_pile"": false, ""uses_top_of_pile"": false, ""uses_upgrade_select_from_hand"": false}","造成5点伤害。
如果你在本回合失去过生命值，
则攻击2次。","[{""upgrade"": 1, ""description"": ""造成5点伤害。\n如果你在本回合失去过生命值，\n则攻击3次。"", ""semanticTags"": [""damage""], ""semanticSignals"": {""damage"": 5}}]",turn_or_delayed_rule: 本回合/下回合/每当/回合开始类规则可见但还不是统一 temporal rule token。
CARD.STOMP,踩踏,ironclad,Uncommon,Attack,AllEnemies,3,partial,damage|multi_hit_or_aoe|turn_or_delayed_rule,damage|multi_hit_or_aoe,turn_or_delayed_rule,,,aoe|aoe_damage,"{""damage"": 12}","{""adds_keyword_or_modifier"": false, ""catalog_id"": ""stomp"", ""class_name"": ""Stomp"", ""commands"": [""Attack""], ""creates_clone"": false, ""creates_specific_card"": false, ""dynamic_vars"": [""DamageVar""], ""powers"": [], ""sets_energy_cost"": false, ""sets_replay"": false, ""source_available"": true, ""source_path"": ""src/Core/Models/Cards/Stomp.cs"", ""tags"": [""aoe"", ""attack"", ""damage"", ""uncommon""], ""uses_card_select_from_hand"": false, ""uses_discard_pile"": false, ""uses_draw_pile"": false, ""uses_exhaust_pile"": false, ""uses_hand_pile"": false, ""uses_top_of_pile"": false, ""uses_upgrade_select_from_hand"": false}","对所有敌人造成12点伤害。
你在本回合中每打出过一张攻击牌，其耗能减少1点能量。","[{""upgrade"": 1, ""description"": ""对所有敌人造成15点伤害。\n你在本回合中每打出过一张攻击牌，其耗能减少1点能量。"", ""semanticTags"": [""aoe"", ""aoe_damage""], ""semanticSignals"": {""damage"": 15}}]",turn_or_delayed_rule: 本回合/下回合/每当/回合开始类规则可见但还不是统一 temporal rule token。
CARD.UNRELENTING,无情猛攻,ironclad,Uncommon,Attack,AnyEnemy,2,gap,cost_modify|damage|effect_profile_granularity_gap|global_rule_power|next_card_modifier,damage,cost_modify|global_rule_power|next_card_modifier,effect_profile_granularity_gap,,damage,"{""damage"": 12}","{""adds_keyword_or_modifier"": false, ""catalog_id"": ""unrelenting"", ""class_name"": ""Unrelenting"", ""commands"": [""Apply"", ""Attack""], ""creates_clone"": false, ""creates_specific_card"": false, ""dynamic_vars"": [""DamageVar""], ""powers"": [""FreeAttackPower""], ""sets_energy_cost"": false, ""sets_replay"": false, ""source_available"": true, ""source_path"": ""src/Core/Models/Cards/Unrelenting.cs"", ""tags"": [""attack"", ""damage"", ""single_target"", ""uncommon""], ""uses_card_select_from_hand"": false, ""uses_discard_pile"": false, ""uses_draw_pile"": false, ""uses_exhaust_pile"": false, ""uses_hand_pile"": false, ""uses_top_of_pile"": false, ""uses_upgrade_select_from_hand"": false}","造成12点伤害。
你打出的下一张攻击牌耗能变为0点能量。","[{""upgrade"": 1, ""description"": ""造成18点伤害。\n你打出的下一张攻击牌耗能变为0点能量。"", ""semanticTags"": [""damage""], ""semanticSignals"": {""damage"": 18}}]",cost_modify: EnergyCost.Set*/FreeAttackPower/CorruptionPower 等内部 ID 可定位；仍需目标范围、持续时间、后续可打价值 typed 化。 || effect_profile_granularity_gap: 已有 upgrade_card/exhaust_other/transform_card/AddGeneratedCardToCombat 等粗粒度内部 ID，但缺 zone/scope/filter/duration/destination/modifier/count 参数；不能靠描述文本正则补主路径。 || global_rule_power: 腐化/黑暗之拥/怀旧等会改写未来规则；可见但最好变成 rule-transition token。 || next_card_modifier: FreeAttackPower、Replay、EnergyCost 等内部 ID 可定位；下一张攻击/重放/免费等仍需要跨动作 memory 与 next-action effect profile。
CARD.UPPERCUT,上勾拳,ironclad,Uncommon,Attack,AnyEnemy,2,partial,damage|debuff|global_rule_power,damage|debuff,global_rule_power,,,apply_vulnerable|apply_weak|damage,"{""damage"": 13, ""vulnerable"": 1, ""weak"": 1}","{""adds_keyword_or_modifier"": false, ""catalog_id"": ""uppercut"", ""class_name"": ""Uppercut"", ""commands"": [""Apply"", ""Attack""], ""creates_clone"": false, ""creates_specific_card"": false, ""dynamic_vars"": [""DamageVar"", ""DynamicVar""], ""powers"": [""VulnerablePower"", ""WeakPower""], ""sets_energy_cost"": false, ""sets_replay"": false, ""source_available"": true, ""source_path"": ""src/Core/Models/Cards/Uppercut.cs"", ""tags"": [""attack"", ""damage"", ""single_target"", ""uncommon"", ""vulnerable"", ""weak""], ""uses_card_select_from_hand"": false, ""uses_discard_pile"": false, ""uses_draw_pile"": false, ""uses_exhaust_pile"": false, ""uses_hand_pile"": false, ""uses_top_of_pile"": false, ""uses_upgrade_select_from_hand"": false}","造成13点伤害。
给予1层虚弱。
给予1层易伤。","[{""upgrade"": 1, ""description"": ""造成13点伤害。\n给予2层虚弱。\n给予2层易伤。"", ""semanticTags"": [""apply_vulnerable"", ""apply_weak"", ""damage""], ""semanticSignals"": {""damage"": 13, ""vulnerable"": 2, ""weak"": 2}}]",global_rule_power: 腐化/黑暗之拥/怀旧等会改写未来规则；可见但最好变成 rule-transition token。
CARD.WHIRLWIND,旋风斩,ironclad,Uncommon,Attack,AllEnemies,X,covered,damage|multi_hit_or_aoe|x_cost,damage|multi_hit_or_aoe|x_cost,,,,aoe|aoe_damage|cost_x|hits_x|multi_hit,"{""damage"": 5}","{""adds_keyword_or_modifier"": false, ""catalog_id"": ""whirlwind"", ""class_name"": ""Whirlwind"", ""commands"": [""Attack""], ""creates_clone"": false, ""creates_specific_card"": false, ""dynamic_vars"": [""DamageVar""], ""powers"": [], ""sets_energy_cost"": false, ""sets_replay"": false, ""source_available"": true, ""source_path"": ""src/Core/Models/Cards/Whirlwind.cs"", ""tags"": [""aoe"", ""attack"", ""damage"", ""multi_hit"", ""uncommon"", ""x_cost""], ""uses_card_select_from_hand"": false, ""uses_discard_pile"": false, ""uses_draw_pile"": false, ""uses_exhaust_pile"": false, ""uses_hand_pile"": false, ""uses_top_of_pile"": false, ""uses_upgrade_select_from_hand"": false}",对所有敌人造成5点伤害X次。,"[{""upgrade"": 1, ""description"": ""对所有敌人造成8点伤害X次。"", ""semanticTags"": [""aoe"", ""aoe_damage"", ""cost_x"", ""hits_x"", ""multi_hit""], ""semanticSignals"": {""damage"": 8}}]",
CARD.DRUM_OF_BATTLE,战鼓,ironclad,Uncommon,Power,Self,0,gap,draw|effect_profile_granularity_gap|global_rule_power|pile_fetch_reorder|turn_or_delayed_rule,draw,global_rule_power|pile_fetch_reorder|turn_or_delayed_rule,effect_profile_granularity_gap,,draw,"{""draw"": 2}","{""adds_keyword_or_modifier"": false, ""catalog_id"": ""drum_of_battle"", ""class_name"": ""DrumOfBattle"", ""commands"": [""Apply"", ""Draw""], ""creates_clone"": false, ""creates_specific_card"": false, ""dynamic_vars"": [""CardsVar"", ""DynamicVar"", ""PowerVar""], ""powers"": [""DrumOfBattlePower""], ""sets_energy_cost"": false, ""sets_replay"": false, ""source_available"": true, ""source_path"": ""src/Core/Models/Cards/DrumOfBattle.cs"", ""tags"": [""draw"", ""exhaust"", ""power"", ""self_target"", ""uncommon""], ""uses_card_select_from_hand"": false, ""uses_discard_pile"": false, ""uses_draw_pile"": false, ""uses_exhaust_pile"": false, ""uses_hand_pile"": false, ""uses_top_of_pile"": false, ""uses_upgrade_select_from_hand"": false}","抽2张牌。
在你的回合开始时，消耗你的抽牌堆顶部的牌。","[{""upgrade"": 1, ""description"": ""抽3张牌。\n在你的回合开始时，消耗你的抽牌堆顶部的牌。"", ""semanticTags"": [""draw""], ""semanticSignals"": {""draw"": 3}}]",effect_profile_granularity_gap: 已有 upgrade_card/exhaust_other/transform_card/AddGeneratedCardToCombat 等粗粒度内部 ID，但缺 zone/scope/filter/duration/destination/modifier/count 参数；不能靠描述文本正则补主路径。 || global_rule_power: 腐化/黑暗之拥/怀旧等会改写未来规则；可见但最好变成 rule-transition token。 || pile_fetch_reorder: 抽牌堆/弃牌堆/牌堆顶部信息可被注意力看到，也能从 PileType/CardPileCmd 内部调用定位；动作的 pile transition 仍不够结构化。 || turn_or_delayed_rule: 本回合/下回合/每当/回合开始类规则可见但还不是统一 temporal rule token。
CARD.FEEL_NO_PAIN,无惧疼痛,ironclad,Uncommon,Power,Self,1,gap,block|effect_profile_granularity_gap|exhaust_other_or_hand|global_rule_power|turn_or_delayed_rule,block,exhaust_other_or_hand|global_rule_power|turn_or_delayed_rule,effect_profile_granularity_gap,,block,"{""block"": 3}","{""adds_keyword_or_modifier"": false, ""catalog_id"": ""feel_no_pain"", ""class_name"": ""FeelNoPain"", ""commands"": [""Apply""], ""creates_clone"": false, ""creates_specific_card"": false, ""dynamic_vars"": [""DynamicVar""], ""powers"": [""FeelNoPainPower""], ""sets_energy_cost"": false, ""sets_replay"": false, ""source_available"": true, ""source_path"": ""src/Core/Models/Cards/FeelNoPain.cs"", ""tags"": [""exhaust"", ""power"", ""self_target"", ""uncommon""], ""uses_card_select_from_hand"": false, ""uses_discard_pile"": false, ""uses_draw_pile"": false, ""uses_exhaust_pile"": false, ""uses_hand_pile"": false, ""uses_top_of_pile"": false, ""uses_upgrade_select_from_hand"": false}",每当有一张牌被消耗时，获得3点格挡。,"[{""upgrade"": 1, ""description"": ""每当有一张牌被消耗时，获得4点格挡。"", ""semanticTags"": [""block""], ""semanticSignals"": {""block"": 4}}]",effect_profile_granularity_gap: 已有 upgrade_card/exhaust_other/transform_card/AddGeneratedCardToCombat 等粗粒度内部 ID，但缺 zone/scope/filter/duration/destination/modifier/count 参数；不能靠描述文本正则补主路径。 || exhaust_other_or_hand: CardCmd.Exhaust 内部命令可定位；但选择目标/全手牌/随机目标需要 typed hand transition。 || global_rule_power: 腐化/黑暗之拥/怀旧等会改写未来规则；可见但最好变成 rule-transition token。 || turn_or_delayed_rule: 本回合/下回合/每当/回合开始类规则可见但还不是统一 temporal rule token。
CARD.INFERNO,狱火,ironclad,Uncommon,Power,Self,1,partial,damage|global_rule_power|hp_or_self_cost|multi_hit_or_aoe|turn_or_delayed_rule,damage|hp_or_self_cost|multi_hit_or_aoe,global_rule_power|turn_or_delayed_rule,,,aoe|aoe_damage|hp_loss,"{""damage"": 6, ""hpLoss"": 1}","{""adds_keyword_or_modifier"": false, ""catalog_id"": ""inferno"", ""class_name"": ""Inferno"", ""commands"": [""Apply""], ""creates_clone"": false, ""creates_specific_card"": false, ""dynamic_vars"": [""PowerVar""], ""powers"": [""InfernoPower""], ""sets_energy_cost"": false, ""sets_replay"": false, ""source_available"": true, ""source_path"": ""src/Core/Models/Cards/Inferno.cs"", ""tags"": [""power"", ""self_target"", ""uncommon""], ""uses_card_select_from_hand"": false, ""uses_discard_pile"": false, ""uses_draw_pile"": false, ""uses_exhaust_pile"": false, ""uses_hand_pile"": false, ""uses_top_of_pile"": false, ""uses_upgrade_select_from_hand"": false}","在你的回合开始时，失去1点生命。
每当你在你的回合内失去生命时，对所有敌人造成6点伤害。","[{""upgrade"": 1, ""description"": ""在你的回合开始时，失去1点生命。\n每当你在你的回合内失去生命时，对所有敌人造成9点伤害。"", ""semanticTags"": [""aoe"", ""aoe_damage"", ""hp_loss""], ""semanticSignals"": {""damage"": 9, ""hpLoss"": 1}}]",global_rule_power: 腐化/黑暗之拥/怀旧等会改写未来规则；可见但最好变成 rule-transition token。 || turn_or_delayed_rule: 本回合/下回合/每当/回合开始类规则可见但还不是统一 temporal rule token。
CARD.INFLAME,燃烧,ironclad,Uncommon,Power,Self,1,partial,buff_stats|global_rule_power,buff_stats,global_rule_power,,,gain_strength,"{""strengthGain"": 2}","{""adds_keyword_or_modifier"": false, ""catalog_id"": ""inflame"", ""class_name"": ""Inflame"", ""commands"": [""Apply""], ""creates_clone"": false, ""creates_specific_card"": false, ""dynamic_vars"": [""PowerVar""], ""powers"": [""StrengthPower""], ""sets_energy_cost"": false, ""sets_replay"": false, ""source_available"": true, ""source_path"": ""src/Core/Models/Cards/Inflame.cs"", ""tags"": [""power"", ""self_target"", ""strength"", ""strength_scaling"", ""uncommon""], ""uses_card_select_from_hand"": false, ""uses_discard_pile"": false, ""uses_draw_pile"": false, ""uses_exhaust_pile"": false, ""uses_hand_pile"": false, ""uses_top_of_pile"": false, ""uses_upgrade_select_from_hand"": false}",获得2点力量。,"[{""upgrade"": 1, ""description"": ""获得3点力量。"", ""semanticTags"": [""gain_strength""], ""semanticSignals"": {""strengthGain"": 3}}]",global_rule_power: 腐化/黑暗之拥/怀旧等会改写未来规则；可见但最好变成 rule-transition token。
CARD.JUGGLING,杂耍,ironclad,Uncommon,Power,Self,1,gap,add_or_generate_card|card_modifier_or_enchantment|copy_card|effect_profile_granularity_gap|global_rule_power|whole_hand_state,,add_or_generate_card|card_modifier_or_enchantment|copy_card|global_rule_power|whole_hand_state,effect_profile_granularity_gap,,add_to_hand|generate_card,{},"{""adds_keyword_or_modifier"": true, ""catalog_id"": ""juggling"", ""class_name"": ""Juggling"", ""commands"": [""Apply""], ""creates_clone"": false, ""creates_specific_card"": false, ""dynamic_vars"": [], ""powers"": [""JugglingPower""], ""sets_energy_cost"": false, ""sets_replay"": false, ""source_available"": true, ""source_path"": ""src/Core/Models/Cards/Juggling.cs"", ""tags"": [""innate"", ""power"", ""self_target"", ""uncommon""], ""uses_card_select_from_hand"": false, ""uses_discard_pile"": false, ""uses_draw_pile"": false, ""uses_exhaust_pile"": false, ""uses_hand_pile"": false, ""uses_top_of_pile"": false, ""uses_upgrade_select_from_hand"": false}",将你在每回合打出的第三张攻击牌的复制品加入你的手牌。,"[{""upgrade"": 1, ""description"": ""固有。\n将你在每回合打出的第三张攻击牌的复制品加入你的手牌。"", ""semanticTags"": [""add_to_hand"", ""generate_card"", ""innate""], ""semanticSignals"": {}}]",add_or_generate_card: 生成牌/加手牌可由 AddGeneratedCardToCombat 等内部命令定位，但生成池、费用和本回合免费等还需要更强 typed profile。 || card_modifier_or_enchantment: 已有 runtime 附魔/腐化/重放解析；但“给另一张牌添加附魔”的预效果仍需 typed 化。 || copy_card: 复制目标牌可以从 CreateClone/AddGeneratedCardToCombat 等内部调用定位；仍需要 hand target transition profile。 || effect_profile_granularity_gap: 已有 upgrade_card/exhaust_other/transform_card/AddGeneratedCardToCombat 等粗粒度内部 ID，但缺 zone/scope/filter/duration/destination/modifier/count 参数；不能靠描述文本正则补主路径。 || global_rule_power: 腐化/黑暗之拥/怀旧等会改写未来规则；可见但最好变成 rule-transition token。 || whole_hand_state: 可从 PileType.Hand + Upgrade/Transform/Exhaust/EnergyCost 等内部访问定位；仍需显式 hand-state transition。
CARD.RUPTURE,撕裂,ironclad,Uncommon,Power,Self,1,partial,buff_stats|global_rule_power|hp_or_self_cost|turn_or_delayed_rule,buff_stats|hp_or_self_cost,global_rule_power|turn_or_delayed_rule,,,gain_strength|hp_loss,"{""strengthGain"": 1}","{""adds_keyword_or_modifier"": false, ""catalog_id"": ""rupture"", ""class_name"": ""Rupture"", ""commands"": [""Apply""], ""creates_clone"": false, ""creates_specific_card"": false, ""dynamic_vars"": [""PowerVar""], ""powers"": [""RupturePower"", ""StrengthPower""], ""sets_energy_cost"": false, ""sets_replay"": false, ""source_available"": true, ""source_path"": ""src/Core/Models/Cards/Rupture.cs"", ""tags"": [""power"", ""self_target"", ""strength"", ""strength_scaling"", ""uncommon""], ""uses_card_select_from_hand"": false, ""uses_discard_pile"": false, ""uses_draw_pile"": false, ""uses_exhaust_pile"": false, ""uses_hand_pile"": false, ""uses_top_of_pile"": false, ""uses_upgrade_select_from_hand"": false}","每当你在你的回合失去生命值时, 获得1点力量。","[{""upgrade"": 1, ""description"": ""每当你在你的回合失去生命值时, 获得2点力量。"", ""semanticTags"": [""gain_strength"", ""hp_loss""], ""semanticSignals"": {""strengthGain"": 2}}]",global_rule_power: 腐化/黑暗之拥/怀旧等会改写未来规则；可见但最好变成 rule-transition token。 || turn_or_delayed_rule: 本回合/下回合/每当/回合开始类规则可见但还不是统一 temporal rule token。
CARD.STAMPEDE,惊逃,ironclad,Uncommon,Power,Self,2,gap,cost_modify|effect_profile_granularity_gap|global_rule_power|multi_hit_or_aoe|random_or_choose|turn_or_delayed_rule,multi_hit_or_aoe,cost_modify|global_rule_power|random_or_choose|turn_or_delayed_rule,effect_profile_granularity_gap,,random,{},"{""adds_keyword_or_modifier"": false, ""catalog_id"": ""stampede"", ""class_name"": ""Stampede"", ""commands"": [""Apply""], ""creates_clone"": false, ""creates_specific_card"": false, ""dynamic_vars"": [""DynamicVar""], ""powers"": [""StampedePower""], ""sets_energy_cost"": true, ""sets_replay"": false, ""source_available"": true, ""source_path"": ""src/Core/Models/Cards/Stampede.cs"", ""tags"": [""power"", ""self_target"", ""uncommon""], ""uses_card_select_from_hand"": false, ""uses_discard_pile"": false, ""uses_draw_pile"": false, ""uses_exhaust_pile"": false, ""uses_hand_pile"": false, ""uses_top_of_pile"": false, ""uses_upgrade_select_from_hand"": false}",在你的回合结束时，随机打出你手牌中的1张攻击牌攻击随机敌人。,"[{""upgrade"": 1, ""description"": ""在你的回合结束时，随机打出你手牌中的1张攻击牌攻击随机敌人。"", ""semanticTags"": [""random""], ""semanticSignals"": {}}]",cost_modify: EnergyCost.Set*/FreeAttackPower/CorruptionPower 等内部 ID 可定位；仍需目标范围、持续时间、后续可打价值 typed 化。 || effect_profile_granularity_gap: 已有 upgrade_card/exhaust_other/transform_card/AddGeneratedCardToCombat 等粗粒度内部 ID，但缺 zone/scope/filter/duration/destination/modifier/count 参数；不能靠描述文本正则补主路径。 || global_rule_power: 腐化/黑暗之拥/怀旧等会改写未来规则；可见但最好变成 rule-transition token。 || random_or_choose: 随机/三选一结果不是确定 transition；模型能看到但缺分布式结果 profile。 || turn_or_delayed_rule: 本回合/下回合/每当/回合开始类规则可见但还不是统一 temporal rule token。
CARD.STONE_ARMOR,岩石铠甲,ironclad,Uncommon,Power,Self,1,partial,block|buff_stats|global_rule_power,block|buff_stats,global_rule_power,,,,{},"{""adds_keyword_or_modifier"": false, ""catalog_id"": ""stone_armor"", ""class_name"": ""StoneArmor"", ""commands"": [""Apply""], ""creates_clone"": false, ""creates_specific_card"": false, ""dynamic_vars"": [""PowerVar""], ""powers"": [""PlatingPower""], ""sets_energy_cost"": false, ""sets_replay"": false, ""source_available"": true, ""source_path"": ""src/Core/Models/Cards/StoneArmor.cs"", ""tags"": [""power"", ""self_target"", ""uncommon""], ""uses_card_select_from_hand"": false, ""uses_discard_pile"": false, ""uses_draw_pile"": false, ""uses_exhaust_pile"": false, ""uses_hand_pile"": false, ""uses_top_of_pile"": false, ""uses_upgrade_select_from_hand"": false}",获得4层覆甲。,"[{""upgrade"": 1, ""description"": ""获得6层覆甲。"", ""semanticTags"": [], ""semanticSignals"": {}}]",global_rule_power: 腐化/黑暗之拥/怀旧等会改写未来规则；可见但最好变成 rule-transition token。
CARD.VICIOUS,凶恶,ironclad,Uncommon,Power,Self,1,partial,debuff|draw|global_rule_power|turn_or_delayed_rule,debuff|draw,global_rule_power|turn_or_delayed_rule,,,apply_vulnerable|draw,"{""draw"": 1}","{""adds_keyword_or_modifier"": false, ""catalog_id"": ""vicious"", ""class_name"": ""Vicious"", ""commands"": [""Apply""], ""creates_clone"": false, ""creates_specific_card"": false, ""dynamic_vars"": [""CardsVar""], ""powers"": [""ViciousPower"", ""VulnerablePower""], ""sets_energy_cost"": false, ""sets_replay"": false, ""source_available"": true, ""source_path"": ""src/Core/Models/Cards/Vicious.cs"", ""tags"": [""draw"", ""power"", ""self_target"", ""uncommon""], ""uses_card_select_from_hand"": false, ""uses_discard_pile"": false, ""uses_draw_pile"": false, ""uses_exhaust_pile"": false, ""uses_hand_pile"": false, ""uses_top_of_pile"": false, ""uses_upgrade_select_from_hand"": false}",每当你给予易伤时，抽1张牌。,"[{""upgrade"": 1, ""description"": ""每当你给予易伤时，抽2张牌。"", ""semanticTags"": [""apply_vulnerable"", ""draw""], ""semanticSignals"": {""draw"": 2}}]",global_rule_power: 腐化/黑暗之拥/怀旧等会改写未来规则；可见但最好变成 rule-transition token。 || turn_or_delayed_rule: 本回合/下回合/每当/回合开始类规则可见但还不是统一 temporal rule token。
CARD.BATTLE_TRANCE,战斗专注,ironclad,Uncommon,Skill,Self,0,partial,draw|global_rule_power|turn_or_delayed_rule,draw,global_rule_power|turn_or_delayed_rule,,,draw,"{""draw"": 3}","{""adds_keyword_or_modifier"": false, ""catalog_id"": ""battle_trance"", ""class_name"": ""BattleTrance"", ""commands"": [""Apply"", ""Draw""], ""creates_clone"": false, ""creates_specific_card"": false, ""dynamic_vars"": [""CardsVar""], ""powers"": [""NoDrawPower""], ""sets_energy_cost"": false, ""sets_replay"": false, ""source_available"": true, ""source_path"": ""src/Core/Models/Cards/BattleTrance.cs"", ""tags"": [""draw"", ""self_target"", ""skill"", ""uncommon""], ""uses_card_select_from_hand"": false, ""uses_discard_pile"": false, ""uses_draw_pile"": false, ""uses_exhaust_pile"": false, ""uses_hand_pile"": false, ""uses_top_of_pile"": false, ""uses_upgrade_select_from_hand"": false}","抽3张牌。
你在本回合内不能再抽任何牌。","[{""upgrade"": 1, ""description"": ""抽4张牌。\n你在本回合内不能再抽任何牌。"", ""semanticTags"": [""draw""], ""semanticSignals"": {""draw"": 4}}]",global_rule_power: 腐化/黑暗之拥/怀旧等会改写未来规则；可见但最好变成 rule-transition token。 || turn_or_delayed_rule: 本回合/下回合/每当/回合开始类规则可见但还不是统一 temporal rule token。
CARD.BURNING_PACT,燃烧契约,ironclad,Uncommon,Skill,Self,1,gap,draw|effect_profile_granularity_gap|exhaust_other_or_hand|random_or_choose|whole_hand_state,draw,exhaust_other_or_hand|random_or_choose|whole_hand_state,effect_profile_granularity_gap,,draw|exhaust_other,"{""draw"": 2}","{""adds_keyword_or_modifier"": false, ""catalog_id"": ""burning_pact"", ""class_name"": ""BurningPact"", ""commands"": [""Draw"", ""Exhaust""], ""creates_clone"": false, ""creates_specific_card"": false, ""dynamic_vars"": [""CardsVar""], ""powers"": [], ""sets_energy_cost"": false, ""sets_replay"": false, ""source_available"": true, ""source_path"": ""src/Core/Models/Cards/BurningPact.cs"", ""tags"": [""draw"", ""exhaust"", ""self_target"", ""skill"", ""uncommon""], ""uses_card_select_from_hand"": true, ""uses_discard_pile"": false, ""uses_draw_pile"": false, ""uses_exhaust_pile"": false, ""uses_hand_pile"": true, ""uses_top_of_pile"": false, ""uses_upgrade_select_from_hand"": false}","消耗1张牌。
抽2张牌。","[{""upgrade"": 1, ""description"": ""消耗1张牌。\n抽3张牌。"", ""semanticTags"": [""draw"", ""exhaust_other""], ""semanticSignals"": {""draw"": 3}}]",effect_profile_granularity_gap: 已有 upgrade_card/exhaust_other/transform_card/AddGeneratedCardToCombat 等粗粒度内部 ID，但缺 zone/scope/filter/duration/destination/modifier/count 参数；不能靠描述文本正则补主路径。 || exhaust_other_or_hand: CardCmd.Exhaust 内部命令可定位；但选择目标/全手牌/随机目标需要 typed hand transition。 || random_or_choose: 随机/三选一结果不是确定 transition；模型能看到但缺分布式结果 profile。 || whole_hand_state: 可从 PileType.Hand + Upgrade/Transform/Exhaust/EnergyCost 等内部访问定位；仍需显式 hand-state transition。
CARD.DEMONIC_SHIELD,恶魔护盾,ironclad,Uncommon,Skill,AnyAlly,0,covered,block|exhaust_self|hp_or_self_cost,block|exhaust_self|hp_or_self_cost,,,Exhaust,exhaust_self|hp_loss,"{""hpLoss"": 1}","{""adds_keyword_or_modifier"": false, ""catalog_id"": ""demonic_shield"", ""class_name"": ""DemonicShield"", ""commands"": [], ""creates_clone"": false, ""creates_specific_card"": false, ""dynamic_vars"": [""CalculatedBlockVar"", ""CalculationBaseVar"", ""CalculationExtraVar"", ""DynamicVar"", ""HpLossVar""], ""powers"": [], ""sets_energy_cost"": false, ""sets_replay"": false, ""source_available"": true, ""source_path"": ""src/Core/Models/Cards/DemonicShield.cs"", ""tags"": [""block"", ""exhaust"", ""hp_loss"", ""skill"", ""uncommon""], ""uses_card_select_from_hand"": false, ""uses_discard_pile"": false, ""uses_draw_pile"": false, ""uses_exhaust_pile"": false, ""uses_hand_pile"": false, ""uses_top_of_pile"": false, ""uses_upgrade_select_from_hand"": false}","失去1点生命。
给予另一位玩家你当前格挡值的格挡。
消耗。","[{""upgrade"": 1, ""description"": ""失去1点生命。\n给予另一位玩家你当前格挡值的格挡。"", ""semanticTags"": [""hp_loss""], ""semanticSignals"": {""hpLoss"": 1}}]",
CARD.DOMINATE,主宰,ironclad,Uncommon,Skill,AnyEnemy,1,partial,buff_stats|debuff|exhaust_self|global_rule_power,buff_stats|debuff|exhaust_self,global_rule_power,,Exhaust,apply_vulnerable|exhaust_self|gain_strength,"{""strengthGain"": 1, ""vulnerable"": 1}","{""adds_keyword_or_modifier"": false, ""catalog_id"": ""dominate"", ""class_name"": ""Dominate"", ""commands"": [""Apply""], ""creates_clone"": false, ""creates_specific_card"": false, ""dynamic_vars"": [""DynamicVar""], ""powers"": [""StrengthPower"", ""VulnerablePower""], ""sets_energy_cost"": false, ""sets_replay"": false, ""source_available"": true, ""source_path"": ""src/Core/Models/Cards/Dominate.cs"", ""tags"": [""exhaust"", ""single_target"", ""skill"", ""strength"", ""uncommon""], ""uses_card_select_from_hand"": false, ""uses_discard_pile"": false, ""uses_draw_pile"": false, ""uses_exhaust_pile"": false, ""uses_hand_pile"": false, ""uses_top_of_pile"": false, ""uses_upgrade_select_from_hand"": false}","给予1层易伤。
敌人身上每有一层易伤，就获得1点力量。
消耗。","[{""upgrade"": 1, ""description"": ""给予2层易伤。\n敌人身上每有一层易伤，就获得1点力量。\n消耗。"", ""semanticTags"": [""apply_vulnerable"", ""exhaust_self"", ""gain_strength""], ""semanticSignals"": {""strengthGain"": 1, ""vulnerable"": 2}}]",global_rule_power: 腐化/黑暗之拥/怀旧等会改写未来规则；可见但最好变成 rule-transition token。
CARD.EVIL_EYE,邪眼,ironclad,Uncommon,Skill,Self,1,partial,block|exhaust_pile_dependency|turn_or_delayed_rule,block,exhaust_pile_dependency|turn_or_delayed_rule,,,block,"{""block"": 16}","{""adds_keyword_or_modifier"": false, ""catalog_id"": ""evil_eye"", ""class_name"": ""EvilEye"", ""commands"": [], ""creates_clone"": false, ""creates_specific_card"": false, ""dynamic_vars"": [""BlockVar""], ""powers"": [], ""sets_energy_cost"": false, ""sets_replay"": false, ""source_available"": true, ""source_path"": ""src/Core/Models/Cards/EvilEye.cs"", ""tags"": [""block"", ""exhaust"", ""self_target"", ""skill"", ""uncommon""], ""uses_card_select_from_hand"": false, ""uses_discard_pile"": false, ""uses_draw_pile"": false, ""uses_exhaust_pile"": false, ""uses_hand_pile"": false, ""uses_top_of_pile"": false, ""uses_upgrade_select_from_hand"": false}","获得8点格挡。
如果你在本回合消耗过卡牌，则额外获得8点格挡。","[{""upgrade"": 1, ""description"": ""获得11点格挡。\n如果你在本回合消耗过卡牌，则额外获得11点格挡。"", ""semanticTags"": [""block""], ""semanticSignals"": {""block"": 22}}]",exhaust_pile_dependency: 消耗牌堆数量/本回合消耗条件可从状态推断，但卡牌依赖关系缺显式字段。 || turn_or_delayed_rule: 本回合/下回合/每当/回合开始类规则可见但还不是统一 temporal rule token。
CARD.EXPECT_A_FIGHT,跃跃欲试,ironclad,Uncommon,Skill,Self,2,gap,cost_modify|effect_profile_granularity_gap|energy_gain|turn_or_delayed_rule|whole_hand_state,energy_gain,cost_modify|turn_or_delayed_rule|whole_hand_state,effect_profile_granularity_gap,,gain_energy,"{""energyGain"": 2}","{""adds_keyword_or_modifier"": false, ""catalog_id"": ""expect_a_fight"", ""class_name"": ""ExpectAFight"", ""commands"": [""GainEnergy""], ""creates_clone"": false, ""creates_specific_card"": false, ""dynamic_vars"": [""CalculatedVar"", ""CalculationBaseVar"", ""CalculationExtraVar"", ""DynamicVar"", ""EnergyVar""], ""powers"": [], ""sets_energy_cost"": true, ""sets_replay"": false, ""source_available"": true, ""source_path"": ""src/Core/Models/Cards/ExpectAFight.cs"", ""tags"": [""energy_gen"", ""self_target"", ""skill"", ""uncommon""], ""uses_card_select_from_hand"": false, ""uses_discard_pile"": false, ""uses_draw_pile"": false, ""uses_exhaust_pile"": false, ""uses_hand_pile"": true, ""uses_top_of_pile"": false, ""uses_upgrade_select_from_hand"": false}","你的手牌中每有一张攻击牌，就获得1点能量。
你在本回合内
不能再获得1点能量。","[{""upgrade"": 1, ""description"": ""你的手牌中每有一张攻击牌，就获得1点能量。\n你在本回合内\n不能再获得1点能量。"", ""semanticTags"": [""gain_energy""], ""semanticSignals"": {""energyGain"": 2}}]",cost_modify: EnergyCost.Set*/FreeAttackPower/CorruptionPower 等内部 ID 可定位；仍需目标范围、持续时间、后续可打价值 typed 化。 || effect_profile_granularity_gap: 已有 upgrade_card/exhaust_other/transform_card/AddGeneratedCardToCombat 等粗粒度内部 ID，但缺 zone/scope/filter/duration/destination/modifier/count 参数；不能靠描述文本正则补主路径。 || turn_or_delayed_rule: 本回合/下回合/每当/回合开始类规则可见但还不是统一 temporal rule token。 || whole_hand_state: 可从 PileType.Hand + Upgrade/Transform/Exhaust/EnergyCost 等内部访问定位；仍需显式 hand-state transition。
CARD.FLAME_BARRIER,火焰屏障,ironclad,Uncommon,Skill,Self,2,partial,block|damage|global_rule_power|hp_or_self_cost,block|damage|hp_or_self_cost,global_rule_power,,,block|damage|hp_loss,"{""block"": 12, ""damage"": 4}","{""adds_keyword_or_modifier"": false, ""catalog_id"": ""flame_barrier"", ""class_name"": ""FlameBarrier"", ""commands"": [""Apply""], ""creates_clone"": false, ""creates_specific_card"": false, ""dynamic_vars"": [""BlockVar"", ""DynamicVar""], ""powers"": [""FlameBarrierPower""], ""sets_energy_cost"": false, ""sets_replay"": false, ""source_available"": true, ""source_path"": ""src/Core/Models/Cards/FlameBarrier.cs"", ""tags"": [""block"", ""self_target"", ""skill"", ""uncommon""], ""uses_card_select_from_hand"": false, ""uses_discard_pile"": false, ""uses_draw_pile"": false, ""uses_exhaust_pile"": false, ""uses_hand_pile"": false, ""uses_top_of_pile"": false, ""uses_upgrade_select_from_hand"": false}","获得12点格挡。
你在这个回合每受到一次攻击，都会对攻击者造成4点伤害。","[{""upgrade"": 1, ""description"": ""获得16点格挡。\n你在这个回合每受到一次攻击，都会对攻击者造成6点伤害。"", ""semanticTags"": [""block"", ""damage"", ""hp_loss""], ""semanticSignals"": {""block"": 16, ""damage"": 6}}]",global_rule_power: 腐化/黑暗之拥/怀旧等会改写未来规则；可见但最好变成 rule-transition token。
CARD.FORGOTTEN_RITUAL,被遗忘的仪式,ironclad,Uncommon,Skill,Self,1,partial,energy_gain|exhaust_pile_dependency|exhaust_self|turn_or_delayed_rule,energy_gain|exhaust_self,exhaust_pile_dependency|turn_or_delayed_rule,,Exhaust,exhaust_self|gain_energy,"{""energyGain"": 3}","{""adds_keyword_or_modifier"": false, ""catalog_id"": ""forgotten_ritual"", ""class_name"": ""ForgottenRitual"", ""commands"": [""GainEnergy""], ""creates_clone"": false, ""creates_specific_card"": false, ""dynamic_vars"": [""EnergyVar""], ""powers"": [], ""sets_energy_cost"": false, ""sets_replay"": false, ""source_available"": true, ""source_path"": ""src/Core/Models/Cards/ForgottenRitual.cs"", ""tags"": [""energy_gen"", ""exhaust"", ""self_target"", ""skill"", ""uncommon""], ""uses_card_select_from_hand"": false, ""uses_discard_pile"": false, ""uses_draw_pile"": false, ""uses_exhaust_pile"": false, ""uses_hand_pile"": false, ""uses_top_of_pile"": false, ""uses_upgrade_select_from_hand"": false}","如果你在本回合消耗过卡牌，则获得3点能量。
消耗。","[{""upgrade"": 1, ""description"": ""如果你在本回合消耗过卡牌，则获得4点能量。\n消耗。"", ""semanticTags"": [""exhaust_self"", ""gain_energy""], ""semanticSignals"": {""energyGain"": 4}}]",exhaust_pile_dependency: 消耗牌堆数量/本回合消耗条件可从状态推断，但卡牌依赖关系缺显式字段。 || turn_or_delayed_rule: 本回合/下回合/每当/回合开始类规则可见但还不是统一 temporal rule token。
CARD.INFERNAL_BLADE,地狱之刃,ironclad,Uncommon,Skill,Self,1,gap,add_or_generate_card|cost_modify|effect_profile_granularity_gap|exhaust_other_or_hand|exhaust_self|random_or_choose|turn_or_delayed_rule|whole_hand_state,exhaust_self,add_or_generate_card|cost_modify|exhaust_other_or_hand|random_or_choose|turn_or_delayed_rule|whole_hand_state,effect_profile_granularity_gap,Exhaust,add_to_hand|exhaust_self|random,"{""cardsToHand"": 1}","{""adds_keyword_or_modifier"": false, ""catalog_id"": ""infernal_blade"", ""class_name"": ""InfernalBlade"", ""commands"": [""AddGeneratedCardToCombat""], ""creates_clone"": false, ""creates_specific_card"": false, ""dynamic_vars"": [], ""powers"": [], ""sets_energy_cost"": true, ""sets_replay"": false, ""source_available"": true, ""source_path"": ""src/Core/Models/Cards/InfernalBlade.cs"", ""tags"": [""exhaust"", ""self_target"", ""skill"", ""uncommon""], ""uses_card_select_from_hand"": false, ""uses_discard_pile"": false, ""uses_draw_pile"": false, ""uses_exhaust_pile"": false, ""uses_hand_pile"": true, ""uses_top_of_pile"": false, ""uses_upgrade_select_from_hand"": false}","将一张随机攻击牌加入你的手牌。那张牌在本回合内可以免费打出。
消耗。","[{""upgrade"": 1, ""description"": ""将一张随机攻击牌加入你的手牌。那张牌在本回合内可以免费打出。\n消耗。"", ""semanticTags"": [""add_to_hand"", ""exhaust_self"", ""random""], ""semanticSignals"": {""cardsToHand"": 1}}]",add_or_generate_card: 生成牌/加手牌可由 AddGeneratedCardToCombat 等内部命令定位，但生成池、费用和本回合免费等还需要更强 typed profile。 || cost_modify: EnergyCost.Set*/FreeAttackPower/CorruptionPower 等内部 ID 可定位；仍需目标范围、持续时间、后续可打价值 typed 化。 || effect_profile_granularity_gap: 已有 upgrade_card/exhaust_other/transform_card/AddGeneratedCardToCombat 等粗粒度内部 ID，但缺 zone/scope/filter/duration/destination/modifier/count 参数；不能靠描述文本正则补主路径。 || exhaust_other_or_hand: CardCmd.Exhaust 内部命令可定位；但选择目标/全手牌/随机目标需要 typed hand transition。 || random_or_choose: 随机/三选一结果不是确定 transition；模型能看到但缺分布式结果 profile。 || turn_or_delayed_rule: 本回合/下回合/每当/回合开始类规则可见但还不是统一 temporal rule token。 || whole_hand_state: 可从 PileType.Hand + Upgrade/Transform/Exhaust/EnergyCost 等内部访问定位；仍需显式 hand-state transition。
CARD.RAGE,狂怒,ironclad,Uncommon,Skill,Self,0,partial,block|global_rule_power,block,global_rule_power,,,block,"{""block"": 3}","{""adds_keyword_or_modifier"": false, ""catalog_id"": ""rage"", ""class_name"": ""Rage"", ""commands"": [""Apply""], ""creates_clone"": false, ""creates_specific_card"": false, ""dynamic_vars"": [""DynamicVar""], ""powers"": [""RagePower""], ""sets_energy_cost"": false, ""sets_replay"": false, ""source_available"": true, ""source_path"": ""src/Core/Models/Cards/Rage.cs"", ""tags"": [""self_target"", ""skill"", ""uncommon""], ""uses_card_select_from_hand"": false, ""uses_discard_pile"": false, ""uses_draw_pile"": false, ""uses_exhaust_pile"": false, ""uses_hand_pile"": false, ""uses_top_of_pile"": false, ""uses_upgrade_select_from_hand"": false}",打出此牌后，你在这个回合内每打出一张攻击牌，获得3点格挡。,"[{""upgrade"": 1, ""description"": ""打出此牌后，你在这个回合内每打出一张攻击牌，获得5点格挡。"", ""semanticTags"": [""block""], ""semanticSignals"": {""block"": 5}}]",global_rule_power: 腐化/黑暗之拥/怀旧等会改写未来规则；可见但最好变成 rule-transition token。
CARD.SECOND_WIND,重振精神,ironclad,Uncommon,Skill,Self,1,gap,block|effect_profile_granularity_gap|exhaust_other_or_hand|whole_hand_state,block,exhaust_other_or_hand|whole_hand_state,effect_profile_granularity_gap,,block,"{""block"": 5}","{""adds_keyword_or_modifier"": false, ""catalog_id"": ""second_wind"", ""class_name"": ""SecondWind"", ""commands"": [""Exhaust""], ""creates_clone"": false, ""creates_specific_card"": false, ""dynamic_vars"": [""BlockVar""], ""powers"": [], ""sets_energy_cost"": false, ""sets_replay"": false, ""source_available"": true, ""source_path"": ""src/Core/Models/Cards/SecondWind.cs"", ""tags"": [""block"", ""exhaust"", ""self_target"", ""skill"", ""uncommon""], ""uses_card_select_from_hand"": false, ""uses_discard_pile"": false, ""uses_draw_pile"": false, ""uses_exhaust_pile"": false, ""uses_hand_pile"": true, ""uses_top_of_pile"": false, ""uses_upgrade_select_from_hand"": false}",消耗手牌中所有非攻击牌，每张获得5点格挡。,"[{""upgrade"": 1, ""description"": ""消耗手牌中所有非攻击牌，每张获得7点格挡。"", ""semanticTags"": [""block""], ""semanticSignals"": {""block"": 7}}]",effect_profile_granularity_gap: 已有 upgrade_card/exhaust_other/transform_card/AddGeneratedCardToCombat 等粗粒度内部 ID，但缺 zone/scope/filter/duration/destination/modifier/count 参数；不能靠描述文本正则补主路径。 || exhaust_other_or_hand: CardCmd.Exhaust 内部命令可定位；但选择目标/全手牌/随机目标需要 typed hand transition。 || whole_hand_state: 可从 PileType.Hand + Upgrade/Transform/Exhaust/EnergyCost 等内部访问定位；仍需显式 hand-state transition。
CARD.TAUNT,挑衅,ironclad,Uncommon,Skill,AnyEnemy,1,partial,block|debuff|global_rule_power,block|debuff,global_rule_power,,,apply_vulnerable|block,"{""block"": 7, ""vulnerable"": 1}","{""adds_keyword_or_modifier"": false, ""catalog_id"": ""taunt"", ""class_name"": ""Taunt"", ""commands"": [""Apply""], ""creates_clone"": false, ""creates_specific_card"": false, ""dynamic_vars"": [""BlockVar"", ""DynamicVar"", ""PowerVar""], ""powers"": [""VulnerablePower""], ""sets_energy_cost"": false, ""sets_replay"": false, ""source_available"": true, ""source_path"": ""src/Core/Models/Cards/Taunt.cs"", ""tags"": [""block"", ""single_target"", ""skill"", ""uncommon"", ""vulnerable""], ""uses_card_select_from_hand"": false, ""uses_discard_pile"": false, ""uses_draw_pile"": false, ""uses_exhaust_pile"": false, ""uses_hand_pile"": false, ""uses_top_of_pile"": false, ""uses_upgrade_select_from_hand"": false}","获得7点格挡。
给予1层易伤。","[{""upgrade"": 1, ""description"": ""获得8点格挡。\n给予2层易伤。"", ""semanticTags"": [""apply_vulnerable"", ""block""], ""semanticSignals"": {""block"": 8, ""vulnerable"": 2}}]",global_rule_power: 腐化/黑暗之拥/怀旧等会改写未来规则；可见但最好变成 rule-transition token。
